0.0060120240480961,5.576980009400996e-06,0.00015106109184887805,0.0002014147891318374,5.577011763958485e-06,5.577423869380013e-06
0.0120240480961923,2.497998943686006e-05,0.0003021221836977586,0.0004028295782636781,2.4702505750278294e-05,2.4547229484230484e-05
0.0180360721442885,6.205365847369039e-05,0.0004531832755466392,0.0006042443673955188,6.0311991065633524e-05,5.979297751002401e-05
0.0240480961923847,0.0001168163064667,0.0006042443673955198,0.0008056591565273597,0.0001110711959056648,0.00010949488503137136
0.0300601202404809,0.000185538686816,0.0007553054592444003,0.0010070739456592003,0.00017491981295837566,0.00017179712912895916
0.0360721442885771,0.0002693711223708,0.0009063665510932808,0.0012084887347910411,0.00025039200833031875,0.0002448929025025699
0.0420841683366733,0.0003728294820725,0.0010574276429421614,0.0014099035239228818,0.00033956240359543627,0.00033112751419933314
0.0480961923847695,0.0004949495295625,0.001208488734791042,0.0016113183130547226,0.00044629999039631535,0.0004338743024108668
0.0541082164328657,0.000630942035103,0.0013595498266399224,0.001812733102186563,0.0005635662802756724,0.0005471565238284212
0.0601202404809619,0.0007766385109815,0.0015106109184888031,0.002014147891318404,0.0006897886729808683,0.0006689506526152684
0.0661322645290581,0.0009455464776642,0.0016616720103376837,0.0022155626804502447,0.0008258695024695456,0.0007990737628157608
0.0721442885771543,0.0011273495876281,0.0018127331021865643,0.0024169774695820857,0.0009740508035226238,0.0009410370722728517
0.0781563126252505,0.0013271026448941,0.001963794194035445,0.0026183922587139264,0.0011368796752221967,0.0010961756703386039
0.0841683366733467,0.0015421999894252,0.0021148552858843254,0.002819807047845767,0.0013104837804367557,0.0012625379232171947
0.0901803607214428,0.0017681354439488,0.0022659163777332034,0.0030212218369776046,0.001491520277993066,0.001436526542672336
0.096192384769539,0.0020123937965146,0.002416977469582084,0.003222636626109445,0.001681851937924517,0.001619285785811391
0.1022044088176352,0.0022714749213413,0.0025680385614309646,0.003424051415241286,0.0018850737810809876,0.0018148739835316134
0.1082164328657314,0.0025525513000382,0.0027190996532798447,0.003625466204373126,0.002103249160089191,0.0020250365098539833
0.1142284569138276,0.0028546237484858,0.002870160745128726,0.003826880993504968,0.0023368857866252787,0.0022500199739647854
0.1202404809619238,0.0031622105985253,0.0030212218369776063,0.004028295782636808,0.002573213425346442,0.0024781483892342047
0.12625250501002,0.0034858052279819,0.003172282928826487,0.004229710571768649,0.0028178586254759834,0.0027131779940563084
0.1322645290581162,0.003812829834176,0.0033233440206753674,0.004431125360900489,0.003066299671579047,0.002953318592907273
0.1382765531062124,0.0041750918718192,0.003474405112524248,0.00463254015003233,0.0033329581946222654,0.0032113401325848203
0.1442885771543086,0.0045500835066055,0.0036254662043731286,0.0048339549391641715,0.003616395348315268,0.0034869729295385985
0.1503006012024048,0.0049290187278103,0.003776527296222009,0.005035369728296012,0.003908471737588121,0.003771221343976084
0.156312625250501,0.0053388032378334,0.00392758838807089,0.005236784517427853,0.00421218152840708,0.004067736497330299
0.1623246492985972,0.0057495387844255,0.00407864947991977,0.005438199306559693,0.004516881380283242,0.004365635699022165
0.1683366733466934,0.0061940766199594,0.004229710571768651,0.005639614095691534,0.004845066025861722,0.004686372472038055
0.1743486973947896,0.0066417733070748,0.004380771663617531,0.005841028884823374,0.0051816526215140365,0.005017364060478523
0.1803607214428857,0.0071105880880209,0.00453183275546641,0.0060424436739552135,0.005530338006148865,0.00536014209816906
0.1863727454909819,0.0075858636959572,0.0046828938473152905,0.006243858463087054,0.005881367928118175,0.005704241808888362
0.1923847695390781,0.0080663917015752,0.00483395493916417,0.006445273252218893,0.00623374466655473,0.00605153709823824
0.1983967935871743,0.0085843550409841,0.004985016031013051,0.006646688041350734,0.0066112830158981725,0.006422517242594075
0.2044088176352705,0.009106818948133,0.005136077122861931,0.006848102830482574,0.007004535459197718,0.006812396425837929
0.2104208416833667,0.0096580576546784,0.005287138214710813,0.007049517619614417,0.007422876372026523,0.007226327950337781
0.2164328657314629,0.0102225958989026,0.005438199306559693,0.007250932408746257,0.00784020946543662,0.00764017551986083
0.2224448897795591,0.0107941294560572,0.005589260398408574,0.007452347197878098,0.008262159469596325,0.008058353100368992
0.2284569138276553,0.0113726991245932,0.005740321490257454,0.0076537619870099384,0.008690496884729521,0.00848329460941411
0.2344689378757515,0.0119742699264797,0.005891382582106334,0.007855176776141778,0.009140230198172478,0.008929808520031373
0.2404809619238476,0.0125922289645057,0.006042443673955213,0.008056591565273616,0.009604215099506637,0.009392118031264985
0.2464929859719438,0.0132293372485625,0.006193504765804093,0.008258006354405456,0.01007771373314009,0.009863528615402212
0.25250501002004,0.0138744060777823,0.006344565857652974,0.008459421143537298,0.010555288256308202,0.010339798559386607
0.2585170340681362,0.0145256142442108,0.006495626949501856,0.00866083593266914,0.011046155775369031,0.010829809019000484
0.2645290581162324,0.0152160722655984,0.006646688041350735,0.008862250721800979,0.011568939449148156,0.011350841250960106
0.2705410821643286,0.0159048625496735,0.006797749133199616,0.00906366551093282,0.012104300800975392,0.0118875876114083
0.2765531062124248,0.0166417971755365,0.006948810225048496,0.00926508030006466,0.012659433388907695,0.01244032146180231
0.282565130260521,0.0173413204406082,0.007099871316897376,0.009466495089196501,0.01319445079305867,0.012976813495825515
0.2885771543086172,0.0180778972344266,0.007250932408746257,0.009667909878328343,0.013743506303692823,0.013524346777583351
0.2945891783567134,0.0188136538918455,0.007401993500595138,0.009869324667460183,0.014305174885047503,0.01408797765574467
0.3006012024048096,0.0196065377577655,0.007553054592444018,0.010070739456592023,0.014899790213746681,0.014683037070958433
0.3066132264529058,0.0203962928895338,0.0077041156842928985,0.010272154245723863,0.015520879771128713,0.015302719107282136
0.312625250501002,0.0211666671497018,0.00785517677614178,0.010473569034855705,0.016131350421804705,0.015919320454981678
0.3186372745490982,0.0220072336788863,0.00800623786799066,0.010674983823987546,0.016767274689423916,0.016552180538779392
0.3246492985971944,0.0228175928452735,0.00815729895983954,0.010876398613119386,0.017400753219874315,0.01719135277487463
0.3306613226452906,0.0236714448521554,0.008308360051688422,0.011077813402251228,0.018076382109612876,0.01786680554272377
0.3366733466933868,0.024553559020854,0.008459421143537302,0.011279228191383068,0.01875544474656466,0.018548526542593886
0.342685370741483,0.0254101934215529,0.008610482235386182,0.011480642980514908,0.019435207193332055,0.01923108006217491
0.3486973947895792,0.0262766395021617,0.008761543327235062,0.011682057769646748,0.02011598209737269,0.01991274278570699
0.3547094188376753,0.0271488764894387,0.008912604419083942,0.011883472558778588,0.020809342882093684,0.020610735279096917
0.3607214428857715,0.0281065641926222,0.00906366551093282,0.012084887347910427,0.021552552895404236,0.021354251070100562
0.3667334669338677,0.0290364444565803,0.009214726602781702,0.012286302137042269,0.022317230384023244,0.022123072811083496
0.3727454909819639,0.029992592840375,0.009365787694630584,0.012487716926174112,0.023099845399067873,0.022907704051977496
0.3787575150300601,0.0309399241073604,0.009516848786479463,0.01268913171530595,0.02386551190894425,0.023677878896529024
0.3847695390781563,0.0319177610757288,0.009667909878328345,0.012890546504437793,0.024644862562221523,0.02445834755217023
0.3907815631262525,0.0328983227219358,0.009818970970177225,0.013091961293569633,0.025438833263552226,0.02525715173542695
0.3967935871743487,0.0339126059373094,0.009970032062026103,0.01329337608270147,0.026269414301259873,0.026088934083614432
0.4028056112224449,0.0349342377801441,0.010121093153874987,0.013494790871833315,0.027107001737631097,0.026931327121211917
0.4088176352705411,0.0359799896603924,0.010272154245723867,0.013696205660965155,0.02794875236247141,0.027775639978102236
0.4148296593186372,0.0370014479714548,0.010423215337572747,0.013897620450096996,0.028805828261940204,0.028635679458159258
0.4208416833667334,0.0380710916538143,0.010574276429421626,0.014099035239228834,0.029689602527212356,0.0295246064004469
0.4268537074148296,0.0391765360907076,0.010725337521270506,0.014300450028360674,0.030626846936212124,0.03046164188478058
0.4328657314629258,0.0402670839487083,0.010876398613119386,0.014501864817492514,0.031558975150804434,0.031402106882235575
0.438877755511022,0.0414220440553222,0.011027459704968262,0.01470327960662435,0.03250115767580116,0.032342098935422496
0.4448897795591182,0.0424646240381859,0.011178520796817148,0.014904694395756196,0.03341423970457268,0.033262769908001255
0.4509018036072144,0.0436370925145492,0.011329581888666026,0.015106109184888035,0.03436254254307402,0.034211526120589544
0.4569138276553106,0.0447865903767796,0.011480642980514908,0.015307523974019877,0.035349343592274145,0.03520187267302908
0.4629258517034068,0.0459449250532658,0.011631704072363788,0.015508938763151717,0.0363676560470914,0.03622608110460048
0.468937875751503,0.0471993648738132,0.011782765164212668,0.015710353552283556,0.03741063800366392,0.03726772349692637
0.4749498997995992,0.0483218583231523,0.011933826256061549,0.015911768341415396,0.03843281117770418,0.038299185800860766
0.4809619238476953,0.0496092228252815,0.012084887347910427,0.016113183130547236,0.03949693945189438,0.03936022915383156
0.4869739478957915,0.0507939939054013,0.012235948439759307,0.016314597919679076,0.04057300087518824,0.040444349184457815
0.4929859719438877,0.052084940399039,0.01238700953160819,0.01651601270881092,0.04169374464639368,0.04156507925670379
0.4989979959919839,0.0533540186855021,0.01253807062345707,0.01671742749794276,0.04280223279604012,0.042678115607879916
0.5050100200400801,0.0545791720200245,0.012689131715305951,0.0169188422870746,0.04390435246467752,0.04378388413676857
0.5110220440881763,0.0558931162722639,0.012840192807154831,0.01712025707620644,0.04502592668933105,0.04490617763859242
0.5170340681362725,0.057159557489837,0.012991253899003713,0.017321671865338284,0.04618888007526035,0.04607530945522301
0.5230460921843687,0.0585472992010693,0.013142314990852591,0.01752308665447012,0.04742005263599994,0.047305938583836527
0.5290581162324649,0.0599033826836688,0.013293376082701472,0.01772450144360196,0.04865779785035646,0.04855018659285186
0.5350701402805611,0.0612741647188574,0.013444437174550352,0.0179259162327338,0.049900982690584746,0.04979267378417344
0.5410821643286573,0.0626289719513068,0.013595498266399234,0.018127331021865645,0.05112178282218373,0.05101969188983669
0.5470941883767535,0.0640213240927006,0.013746559358248114,0.018328745810997485,0.0523823758176791,0.05227955650023554
0.5531062124248497,0.065407303068472,0.013897620450096996,0.018530160600129325,0.053672727498830154,0.05357554631089842
0.5591182364729459,0.0668827490859242,0.014048681541945877,0.01873157538926117,0.05499952181167584,0.054903015636796226
0.5651302605210421,0.0682790974863812,0.014199742633794756,0.018932990178393005,0.056324877555997195,0.056231991444570896
0.5711422845691383,0.0697482016354997,0.014350803725643636,0.019134404967524846,0.05765688179740641,0.05756727211350038
0.5771543086172345,0.0712304188999908,0.014501864817492516,0.019335819756656686,0.059038160792860526,0.058948032076305355
0.5831663326653307,0.0727049245043241,0.014652925909341396,0.019537234545788526,0.060461538017940394,0.060379067477774176
0.5891783567134269,0.0743450163318524,0.014803987001190278,0.01973864933492037,0.06194105011780883,0.06185431236977509
0.5951903807615231,0.075771730714199,0.014955048093039158,0.01994006412405221,0.06338597394798723,0.06330886029542487
0.6012024048096193,0.077408962974477,0.015106109184888042,0.020141478913184054,0.06483345615006984,0.0647520106571835
0.6072144288577154,0.078854461982721,0.015257170276736917,0.020342893702315887,0.06627551840698735,0.06620084743021523
0.6132264529058116,0.0804663143734246,0.015408231368585797,0.020544308491447727,0.06778531323328613,0.06771108964426394
0.6192384769539078,0.0821245539385448,0.015559292460434677,0.020745723280579567,0.06935589990471835,0.06928227068639146
0.625250501002004,0.0836833758919692,0.01571035355228356,0.02094713806971141,0.0709423176533078,0.07087541139911024
0.6312625250501002,0.0854577046284668,0.01586141464413244,0.02114855285884325,0.07254760127781598,0.07247590228046084
0.6372745490981964,0.0869764562359765,0.01601247573598132,0.02134996764797509,0.074141609686141,0.0740796116203906
0.6432865731462926,0.0887815799882358,0.0161635368278302,0.02155138243710693,0.07580603975017083,0.07573856013822967
0.6492985971943888,0.0904415438938217,0.01631459791967908,0.02175279722623877,0.07749349893213933,0.07743401393677457
0.655310621242485,0.0921931836222895,0.01646565901152796,0.021954212015370612,0.07921077515147586,0.07914924286868302
0.6613226452905812,0.0939457648021936,0.016616720103376843,0.022155626804502455,0.08090239740119841,0.08084410983887842
0.6673346693386774,0.0956094642820365,0.016767781195225723,0.022357041593634296,0.0826032723440579,0.08254748678311408
0.6733466933867736,0.097447995693666,0.016918842287074604,0.022558456382766136,0.08436840931198478,0.084311748893518
0.6793587174348698,0.0992358740054193,0.017069903378923484,0.022759871171897976,0.08620655542786854,0.08615555966518902
0.685370741482966,0.1011532012046967,0.017220964470772364,0.022961285961029816,0.08811001586008808,0.08805582986038551
0.6913827655310621,0.1030100433288929,0.017372025562621244,0.023162700750161656,0.08999150335095289,0.08994418796235126
0.6973947895791583,0.1048878324732482,0.017523086654470124,0.023364115539293497,0.09187570218261336,0.09182431772579813
0.7034068136272545,0.1067281748224154,0.017674147746319004,0.023565530328425337,0.09376133369185967,0.09371677994457099
0.7094188376753507,0.1087071378318,0.017825208838167884,0.023766945117557177,0.09572356932602155,0.09567574991941019
0.7154308617234468,0.1105947776451216,0.01797626993001676,0.023968359906689014,0.09772379129899285,0.09768092545816805
0.721442885771543,0.1126478136607996,0.01812733102186564,0.024169774695820854,0.09974738139891508,0.09970413454754422
0.7274549098196392,0.1145688161371092,0.01827839211371453,0.024371189484952704,0.10177559421888853,0.10173304564002703
0.7334669338677354,0.1165810807778522,0.018429453205563405,0.024572604274084538,0.10383910811282446,0.10380117171952642
0.7394789579158316,0.1187263587624324,0.01858051429741229,0.024774019063216385,0.10599973683113605,0.10595724161477317
0.7454909819639278,0.1207251874676344,0.01873157538926117,0.024975433852348225,0.10820511980433611,0.10817163807581429
0.751503006012024,0.1230468213493831,0.01888263648111005,0.025176848641480065,0.11044401462435371,0.11040297677037249
0.7575150300601202,0.1249604027720713,0.019033697572958926,0.0253782634306119,0.11262682292987092,0.11259515069617701
0.7635270541082164,0.1272233722066659,0.01918475866480781,0.025579678219743746,0.11483362264100763,0.11479660851443338
0.7695390781563126,0.1293002326104345,0.01933581975665669,0.025781093008875586,0.11709297686637168,0.11706054936848159
0.7755511022044088,0.1315319231411983,0.019486880848505566,0.02598250779800742,0.11945295784168566,0.11942173295612193
0.781563126252505,0.1339315227457095,0.01963794194035445,0.026183922587139266,0.12187738664748704,0.1218435516514729
0.7875751503006012,0.1360557633485675,0.01978900303220333,0.026385337376271106,0.12429675483245199,0.12427040139511965
0.7935871743486974,0.1385626882626735,0.019940064124052206,0.02658675216540294,0.12674866339156945,0.12671493104840215
0.7995991983967936,0.1407271895279934,0.02009112521590109,0.026788166954534787,0.12922800707127394,0.12920399900427662
0.8056112224448898,0.1432743187000753,0.020242186307749974,0.02698958174366663,0.13180856423298137,0.1317774195405188
0.811623246492986,0.1456620188746851,0.020393247399598854,0.02719099653279847,0.13440706421636328,0.13438305712806842
0.8176352705410822,0.1480934435182548,0.020544308491447734,0.02739241132193031,0.13701318731563097,0.1369860542762842
0.8236472945891784,0.1505785136982201,0.02069536958329661,0.027593826111062147,0.13960836740028498,0.13958326998068613
0.8296593186372745,0.1529936356927019,0.020846430675145494,0.02779524090019399,0.1422695620947395,0.14224652500226304
0.8356713426853707,0.15566511535935,0.02099749176699437,0.027996655689325828,0.14505794745980863,0.14503234899901604
0.8416833667334669,0.1582928292608641,0.021148552858843254,0.02819807047845767,0.14793141886012587,0.14791184716307054
0.8476953907815631,0.1610443759354277,0.02129961395069213,0.028399485267589508,0.15084599608804466,0.15082044460044652
0.8537074148296593,0.1636801265548926,0.02145067504254101,0.02860090005672135,0.15371875158202,0.15370122151342622
0.8597194388777555,0.1664453456264005,0.02160173613438989,0.02880231484585319,0.15662906223166867,0.1566046800432958
0.8657314629258517,0.1691155843570019,0.021752797226238775,0.029003729634985032,0.15959563558516324,0.15957881064641852
0.8717434869739479,0.1720875466468663,0.02190385831808766,0.029205144424116876,0.16267215515104028,0.1626505806708639
0.8777555110220441,0.1748645078059377,0.022054919409936532,0.02940655921324871,0.1657832653823756,0.16576539493559062
0.8837675350701403,0.1778562662177251,0.022205980501785412,0.02960797400238055,0.16891260332194025,0.16889503870751954
0.8897795591182365,0.1807917620281893,0.0223570415936343,0.029809388791512396,0.17209339979528937,0.17207348522609
0.8957915831663327,0.1837718535416347,0.02250810268548318,0.030010803580644237,0.17537098510487534,0.17535775489299274
0.9018036072144288,0.1871076572697122,0.022659163777332052,0.03021221836977607,0.17878880421482554,0.17876761252815546
0.9078156312625252,0.1900909071055634,0.02281022486918094,0.030413633158907917,0.18222949549113118,0.1822186742936509
0.9138276553106212,0.1935431878735492,0.022961285961029816,0.030615047948039754,0.185675932836045,0.18565556891503912
0.9198396793587176,0.1965063918230802,0.0231123470528787,0.030816462737171597,0.18908674568457443,0.1890751485166262
0.9258517034068136,0.1999123931145593,0.023263408144727576,0.031017877526303434,0.19259519305086775,0.19257851486902153
0.93186372745491,0.203283301431158,0.023414469236576464,0.031219292315435285,0.1962370177201719,0.19622277760387247
0.937875751503006,0.2067206736773263,0.023565530328425337,0.03142070710456711,0.19999804889427777,0.19998639762594267
0.943887775551102,0.2104622795876581,0.023716591420274217,0.03162212189369895,0.20381507265234658,0.2037981219307237
0.9498997995991983,0.2138247070843082,0.023867652512123097,0.03182353668283079,0.20763140339573136,0.20762310596460457
0.9559118236472944,0.2177061053737181,0.024018713603971977,0.03202495147196263,0.21154004034916504,0.21152235176702672
0.9619238476953909,0.2212931006210291,0.024169774695820857,0.03222636626109447,0.21553964941748135,0.2155322540582155
0.9679358717434868,0.2252875757579979,0.024320835787669737,0.03242778105022631,0.21966124032350642,0.21964545763002333
0.9739478957915833,0.2291316346177524,0.024471896879518625,0.032629195839358166,0.22378457418030345,0.22377551977823876
0.9799599198396792,0.2330306587042722,0.024622957971367498,0.03283061062848999,0.2279237759569145,0.22791119939586596
0.9859719438877756,0.2370533816369949,0.024774019063216385,0.033032025417621846,0.23213132121514116,0.2321198558455696
0.9919839679358716,0.2411453750033801,0.02492508015506526,0.03323344020675368,0.23650872189323766,0.236500113116345
0.997995991983968,0.2455498921432958,0.025076141246914145,0.03343485499588553,0.24107648541237345,0.24106313848482222
1.004008016032064,0.2498407316627632,0.02522720233876302,0.03363626978501735,0.24571453359680487,0.24570874237056303
1.0100200400801602,0.2544263330707872,0.025378263430611902,0.0338376845741492,0.2503764079484011,0.25036177444277063
1.0160320641282563,0.2587729428886228,0.025529324522460775,0.034039099363281033,0.2550293505771248,0.2550243993346559
1.0220440881763526,0.2634737424119465,0.025680385614309662,0.03424051415241288,0.2598156465447794,0.25980179981262985
1.028056112224449,0.2680640427097625,0.02583144670615855,0.03444192894154473,0.2647381609362817,0.26473235531903433
1.034068136272545,0.2730488573122873,0.025982507798007426,0.03464334373067657,0.269795725235225,0.269784897133677
1.040080160320641,0.2778770501272964,0.0261335688898563,0.034844758519808394,0.27489774374771,0.27488887297973896
1.0460921843687374,0.282885649383107,0.026284629981705183,0.03504617330894024,0.28006823871987857,0.28006158952642807
1.0521042084168335,0.2881056110648576,0.026435691073554066,0.03524758809807209,0.28540732784309736,0.2853951804505586
1.0581162324649298,0.2933227283193143,0.026586752165402943,0.03544900288720392,0.29093321901298896,0.2909304912762862
1.064128256513026,0.299044682944994,0.026737813257251827,0.03565041767633577,0.2966270136083209,0.2966130645899513
1.0701402805611222,0.3043595457491313,0.026888874349100703,0.0358518324654676,0.30231588461253783,0.30231364697385776
1.0761523046092183,0.3101256408574104,0.027039935440949587,0.03605324725459945,0.3080341432986573,0.3080209739721692
1.0821643286573146,0.3156335489918337,0.027190996532798467,0.03625466204373129,0.31382985454623813,0.31382509426035615
1.088176352705411,0.3215955383694944,0.02734205762464735,0.03645607683286313,0.31986698816541087,0.31985820990068126
1.094188376753507,0.3277504507572121,0.027493118716496227,0.03665749162199497,0.3261333534533367,0.3261247936968109
1.100200400801603,0.333930398520037,0.027644179808345104,0.0368589064111268,0.33253345780246163,0.33252936891173085
1.1062124248496994,0.3404399572336914,0.02779524090019399,0.03706032120025865,0.3390179599023326,0.3390055714659223
1.1122244488977957,0.3467351208028829,0.02794630199204287,0.03726173598939049,0.345587306780024,0.34558578491612335
1.1182364729458918,0.3535815258448561,0.028097363083891755,0.03746315077852234,0.3523862781044828,0.35237292229223477
1.124248496993988,0.3603356114972648,0.02824842417574063,0.03766456556765417,0.3593644888345997,0.3593627342153543
1.1302605210420842,0.3674547644040781,0.02839948526758951,0.03786598035678601,0.36649041049229064,0.3664785456124626
1.1362725450901805,0.3744778226876175,0.028550546359438392,0.03806739514591785,0.3736457594796676,0.3736405787898081
1.1422845691382766,0.3816954141181655,0.028701607451287272,0.03826880993504969,0.3809335616322421,0.38092513088834873
1.148296593186373,0.3891907410119785,0.02885266854313616,0.038470224724181545,0.3884870272450136,0.38847832777048624
1.154308617234469,0.3969628716509845,0.029003729634985032,0.03867163951331337,0.39637133282673076,0.39636757666137545
1.160320641282565,0.4051039201677706,0.029154790726833912,0.03887305430244521,0.40451575936121476,0.4045037687338175
1.1663326653306614,0.4131847248502879,0.029305851818682793,0.03907446909157705,0.41273295039489616,0.41273119638872713
1.1723446893787577,0.4215378378954837,0.02945691291053168,0.039275883880708906,0.4210491500816294,0.4210346283163119
1.1783567134268538,0.4298619293601388,0.029607974002380556,0.03947729866984074,0.4295190890098514,0.4295169591157408
1.18436873747495,0.4387105524521764,0.029759035094229436,0.03967871345897258,0.43832178765447877,0.43830857091872266
1.1903807615230462,0.4476605532329002,0.029910096186078317,0.03988012824810442,0.447387677957666,0.44738269945488296
1.1963927855711425,0.45694234483335,0.0300611572779272,0.04008154303723627,0.45665976454279716,0.45665007581779715
1.2024048096192386,0.4663352084154446,0.030212218369776084,0.04028295782636811,0.46609591936131034,0.4660854735657963
1.2084168336673349,0.4759858945523134,0.03036327946162496,0.04048437261549995,0.47580585281135185,0.4758011045330915
1.2144288577154307,0.4861492864394957,0.030514340553473834,0.040685787404631774,0.48593449939048516,0.485919771873715
1.220440881763527,0.4965025406516777,0.030665401645322717,0.04088720219376362,0.49639606610589526,0.4963945554800137
1.2264529058116231,0.507272809554,0.030816462737171594,0.041088616982895454,0.5070936561424699,0.5070758725916221
1.2324649298597194,0.5179363542738653,0.030967523829020478,0.0412900317720273,0.5178595047877063,0.5178555516643358
1.2384769539078155,0.5289988611775595,0.031118584920869354,0.041491446561159134,0.5288723079529115,0.5288554114798462
1.2444889779559118,0.5403524333021309,0.03126964601271824,0.04169286135029099,0.5402797037734562,0.540271324106744
1.250501002004008,0.5522826911151202,0.03142070710456712,0.04189427613942282,0.5522126670293833,0.552201505716493
1.2565130260521042,0.5646306726395031,0.031571768196416,0.04209569092855467,0.5645562341314575,0.5645416323881187
1.2625250501002003,0.5771938610892344,0.03172282928826488,0.0422971057176865,0.577160522851214,0.5771534019087904
1.2685370741482966,0.5901490885698556,0.03187389038011376,0.04249852050681835,0.5900798519196628,0.5900590243113445
1.2745490981963927,0.6034162821523374,0.03202495147196264,0.04269993529595018,0.6033986926340738,0.6033931509249958
1.280561122244489,0.6173298157903838,0.03217601256381152,0.04290135008508203,0.6172764649369612,0.6172536807520576
1.2865731462925851,0.6315626880180162,0.0323270736556604,0.04310276487421386,0.6315452933866913,0.6315365790258716
1.2925851703406814,0.6461872597568397,0.03247813474750928,0.04330417966334571,0.6461496417194704,0.6461268277373988
1.2985971943887775,0.661095475771937,0.03262919583935816,0.04350559445247754,0.6610722799495159,0.6610561878999106
1.3046092184368738,0.6766043874672302,0.03278025693120704,0.04370700924160939,0.6765815556921893,0.6765631707395288
1.31062124248497,0.6928814652971499,0.03293131802305592,0.043908424030741224,0.6928576169680486,0.6928355633398318
1.3166332665330662,0.7098442770199731,0.0330823791149048,0.04410983881987307,0.7098298913852492,0.7098163961535857
1.3226452905811623,0.727350554508076,0.03323344020675369,0.04431125360900491,0.7273257659949636,0.7272954127528664
1.3286573146292584,0.7451850225590435,0.033384501298602556,0.04451266839813674,0.7451680049252093,0.7451527994386242
1.3346693386773547,0.7636123132168685,0.03353556239045145,0.04471408318726859,0.7635887471736408,0.7635523316487877
1.3406813627254508,0.7827594479910881,0.033686623482300324,0.04491549797640043,0.7827394063153494,0.7827202350160918
1.346693386773547,0.8028070940922772,0.03383768457414921,0.04511691276553227,0.802786949576929,0.8027510646639916
1.3527054108216432,0.8235696512195855,0.033988745665998084,0.04531832755466411,0.8235475760830426,0.823518831539588
1.3587174348697395,0.8450149627824992,0.03413980675784697,0.04551974234379595,0.8449925768087033,0.8449585542741876
1.3647294589178356,0.8672830840298492,0.034290867849695844,0.04572115713292779,0.8672633259302537,0.8672220429680031
1.370741482965932,0.8906194492606891,0.03444192894154473,0.04592257192205963,0.8905932455056097,0.8905637666732371
1.376753507014028,0.9151349671776056,0.034592990033393604,0.04612398671119147,0.9151211172818393,0.915069302115193
1.3827655310621243,0.9405995439790654,0.03474405112524249,0.04632540150032331,0.9405673266143183,0.9405343757212428
1.3887775551102204,0.9668669470769816,0.034895112217091365,0.04652681628945515,0.9668530290333625,0.9667886170030962
1.3947895791583167,0.9940115318290484,0.03504617330894025,0.04672823107858699,0.9939779930363376,0.9939314841014123
1.4008016032064128,1.0224562719279358,0.03519723440078913,0.04692964586771884,1.0224403386198386,1.0223730530633273
1.406813627254509,1.0524984380545528,0.03534829549263801,0.047131060656850673,1.0524756152776868,1.0524152911675826
1.4128256513026052,1.084137742850994,0.035499356584486885,0.047332475445982514,1.0841168146004807,1.0840515593583169
1.4188376753507017,1.117182334747097,0.03565041767633577,0.047533890235114354,1.1171744233229064,1.1170915209973489
1.4248496993987976,1.1516238719380163,0.03580147876818465,0.0477353050242462,1.1515987567288708,1.151527172127328
1.4308617234468937,1.1877701940009204,0.03595253986003352,0.04793671981337803,1.187779687764766,1.1876738819030628
1.43687374749499,1.2259396045574205,0.03610360095188241,0.04813813460250988,1.2259214902801863,1.225838600579322
1.442885771543086,1.2661914498885716,0.03625466204373128,0.04833954939164171,1.266218356453032,1.266092818378081
1.4488977955911824,1.308383236275935,0.03640572313558017,0.04854096418077356,1.308390698686712,1.3082790105380107
1.4549098196392785,1.3525997611482548,0.03655678422742906,0.04874237896990541,1.3526484549471587,1.3525014108713262
1.4609218436873748,1.3993378986558054,0.036707845319277926,0.048943793759037235,1.3993935770020307,1.3992456513833207
1.4669338677354709,1.4492173583202148,0.03685890641112681,0.049145208548169075,1.4492945240949668,1.4491372508035227
1.4729458917835672,1.5025024130225917,0.037009967502975694,0.04934662333730092,1.50262826164364,1.5024403789655127
1.4789579158316633,1.559044936786071,0.03716102859482458,0.04954803812643277,1.5591842116999401,1.5589998294717782
1.4849699398797596,1.618756117776824,0.037312089686673454,0.0497494529155646,1.6190022013354706,1.6187498101167976
1.4909819639278556,1.6820568092287955,0.03746315077852234,0.04995086770469645,1.682327406608988,1.682089073629077
1.496993987975952,1.7497690842679874,0.037614211870371214,0.05015228249382828,1.750187046754306,1.7498719179720414
1.503006012024048,1.822585165957596,0.0377652729622201,0.05035369728296013,1.8230736893908461,1.8227662518987116
1.5090180360721444,1.900802105136448,0.037916334054068974,0.050555112072091964,1.9014907386046696,1.9011069926851965
1.5150300601202404,1.984677540756268,0.03806739514591785,0.0507565268612238,1.9855653675039229,1.9851435949883252
1.5210420841683367,2.0749680274873263,0.03821845623776674,0.05095794165035565,2.0761275476624577,2.0756520584342537
1.5270541082164328,2.17292690501078,0.03836951732961562,0.05115935643948749,2.1744736599915013,2.1739062957910216
1.5330661322645291,2.279717531862156,0.0385205784214645,0.05136077122861933,2.281690187196102,2.281093294608244
1.5390781563126252,2.3960080852919647,0.03867163951331338,0.05156218601775117,2.3987507054548685,2.397976316763222
1.545090180360721,2.522378963405591,0.03882270060516224,0.051763600806882984,2.525998095300299,2.5251652171859904
1.5511022044088176,2.660191401309628,0.03897376169701113,0.05196501559601484,2.6652188322835455,2.664139637244481
1.5571142284569135,2.81190481341499,0.03912482278886001,0.05216643038514668,2.8185973978435666,2.817412221500282
1.56312625250501,2.9804225078672983,0.0392758838807089,0.05236784517427853,2.9896054936936234,2.988152100802425
1.569138276553106,3.1682852301705005,0.03942694497255777,0.05256925996341036,3.1809711115526453,3.1792575616086043
1.5751503006012024,3.377788249678883,0.03957800606440666,0.05277067475254221,3.3956950219442197,3.3936243616551853
1.5811623246492983,3.612074398581846,0.03972906715625553,0.05297208954167404,3.637859670141997,3.6352250315532983
1.5871743486973948,3.875916287703896,0.03988012824810441,0.05317350433080588,3.9132362928625084,3.9100879933229966
1.593186372745491,4.175198431805096,0.040031189339953296,0.053374919119937726,4.230633409153446,4.226484221560677
1.5991983967935872,4.515739393450393,0.04018225043180218,0.05357633390906957,4.599369012181316,4.594257841220858
1.6052104208416833,4.902979378088568,0.040333311523651064,0.053777748698201414,5.032931641850149,5.02595301983677
1.6112224448897796,5.342765051664225,0.04048437261549995,0.05397916348733326,5.5482519453529155,5.539113143167767
1.6172344689378757,5.841038106886647,0.040635433707348824,0.054180578276465094,6.173417089807555,6.160685483692123
1.623246492985972,6.399779754186867,0.04078649479919771,0.05438199306559694,6.948690310058003,6.930760616290833
1.629258517034068,7.01015906945577,0.04093755589104658,0.05458340785472877,7.9354706490235625,7.9089786468389365
1.6352705410821644,7.648435698149034,0.04108861698289547,0.05478482264386062,9.230274005925033,9.18819213237793
1.6412825651302605,8.279741122168634,0.04123967807474434,0.05498623743299245,10.996919501260622,10.926455394487467
1.6472945891783568,8.86628169985593,0.04139073916659322,0.055187652222124295,13.553543194532963,13.420564980885562
1.653306613226453,9.371680197691113,0.041541800258442105,0.055389067011256135,17.564952000632516,17.28136521452198
1.659318637274549,9.76350224039364,0.04169286135029099,0.05559048180038798,24.710369725802206,23.93468469781154
1.6653306613226453,10.0204146324581,0.04184392244213988,0.055791896589519836,40.16941345283409,37.08420971325945
1.6713426853707414,10.135992864125928,0.04199498353398874,0.055993311378651656,77.46284483373414,60.37622365866351
1.6773547094188377,10.111068922365504,0.042146044625837625,0.056194726167783496,61.8423949031149,52.063565222118335
1.6833667334669338,9.948292272346034,0.04229710571768651,0.05639614095691534,33.590629284835266,31.71808934962704
1.68937875751503,9.65808819062312,0.04244816680953538,0.05659755574604717,22.22234803343191,21.65516371105226
1.6953907815631262,9.2622736914298,0.04259922790138426,0.056798970535179016,16.53567245475244,16.296297209777258
1.7014028056112225,8.786765220291759,0.042750288993233146,0.05700038532431086,13.163981090995852,13.043492110399194
1.7074148296593186,8.256870244261712,0.04290135008508202,0.0572018001134427,10.943437504288088,10.873527458910504
1.7134268537074149,7.700558526953864,0.04305241117693091,0.05740321490257455,9.370947402336354,9.327380778826923
1.719438877755511,7.14829233113836,0.04320347226877978,0.05760462969170638,8.203446708306979,8.17387004931838
1.7254509018036073,6.624979905882687,0.04335453336062867,0.05780604448083823,7.303481686195808,7.282561482515476
1.7314629258517034,6.143924433930617,0.04350559445247755,0.058007459269970064,6.588615690326125,6.573261369618825
1.7374749498997997,5.7087269063343244,0.043656655544326434,0.05820887405910191,6.006105741829626,5.9944116524878694
1.7434869739478958,5.318661727743836,0.04380771663617532,0.05841028884823375,5.521733788894335,5.512771160468697
1.749498997995992,4.971652262597825,0.04395877772802419,0.05861170363736558,5.1137930322148035,5.106538575912908
1.7555110220440882,4.664196502815015,0.044109838819873064,0.05881311842649742,4.765605223177414,4.759835584782697
1.7615230460921842,4.391199762096295,0.04426089991172195,0.05901453321562926,4.464967947473657,4.46014971209262
1.7675350701402806,4.147270098595197,0.044411961003570824,0.0592159480047611,4.201633603644839,4.19770865552739
1.7735470941883766,3.92835678750904,0.04456302209541971,0.05941736279389294,3.9692506109569132,3.9659073250383403
1.779559118236473,3.731966111266277,0.0447140831872686,0.05961877758302479,3.7633175802421244,3.7604575834837686
1.785571142284569,3.5559362967517107,0.04486514427911747,0.05982019237215662,3.5803740905471666,3.577891507308071
1.7915831663326651,3.3974267086872425,0.045016205370966345,0.06002160716128846,3.4166694936700552,3.4144833225456854
1.7975951903807614,3.2532596361019737,0.04516726646281523,0.0602230219504203,3.268419484682535,3.2665540194873923
1.8036072144288575,3.1210285166050022,0.045318327554664105,0.06042443673955214,3.1331305072153395,3.1314683322031773
1.8096192384769536,2.999568973835864,0.04546938864651299,0.06062585152868398,3.009295208222252,3.0078610073458525
1.81563126252505,2.8882752861597507,0.04562044973836186,0.060827266317815806,2.8962656154376063,2.8949497029862696
1.8216432865731464,2.786187488668092,0.04577151083021076,0.06102868110694768,2.7927520129604453,2.7915897648351713
1.8276553106212423,2.691897157709084,0.04592257192205963,0.06123009589607951,2.6973379397186674,2.6962800669225935
1.8336673346693384,2.6042195955309007,0.04607363301390851,0.06143151068521134,2.6087399392044968,2.6077896770354645
1.839679358717435,2.5226659918859875,0.0462246941057574,0.061632925474343195,2.5264648330975743,2.525601197081663
1.845691382765531,2.447088114116556,0.04637575519760627,0.06183434026347502,2.4503290741516786,2.449522018137727
1.8517034068136276,2.376982100206896,0.04652681628945517,0.06203575505260689,2.379723859251311,2.378996575770923
1.8577154308617236,2.3113483269551987,0.046677877381304037,0.062237169841738715,2.31368187861515,2.313004745304695
1.86372745490982,2.2492714743357194,0.04682893847315293,0.06243858463087057,2.2512228575742026,2.2506256201559696
1.869739478957916,2.190495114968228,0.046979999565001804,0.0626399994200024,2.1921749500643006,2.1916135860530543
1.875751503006012,2.1352796977247075,0.047131060656850673,0.06284141420913422,2.1367292158228692,2.1362132419394686
1.881763527054108,2.0837263761324163,0.04728212174869955,0.06304282899826606,2.0850033429938852,2.084510438701521
1.8877755511022043,2.0353825852027683,0.04743318284054844,0.06324424378739792,2.0364953068548424,2.036034558715045
1.8937875751503008,1.989546035564464,0.04758424393239733,0.06344565857652977,1.9905056964715924,1.9900812803133192
1.8997995991983967,1.945837392599287,0.047735305024246194,0.06364707336566158,1.9466759357372572,1.946275905597221
1.905811623246493,1.9043285442650897,0.04788636611609508,0.06384848815479344,1.9050549704042412,1.9046870235133229
1.911823647294589,1.865118750163968,0.048037427207943954,0.06404990294392526,1.8657670989597925,1.8654113277909758
1.9178356713426852,1.8279467450744096,0.04818848829979284,0.06425131773305712,1.8285051809433666,1.8281800773060282
1.9238476953907813,1.792336642581175,0.04833954939164171,0.06445273252218894,1.7928285769993082,1.7925197288307029
1.9298597194388776,1.7580689992342833,0.04849061048349059,0.06465414731132078,1.758494420491323,1.7582099063584433
1.9358717434869737,1.725357544029532,0.048641671575339475,0.06485556210045262,1.7257394944557005,1.7254646233630402
1.9418837675350704,1.694485167835645,0.048792732667188365,0.06505697688958448,1.6948293715330194,1.6945632050809767
1.9478957915831665,1.665344499020462,0.04894379375903725,0.06525839167871633,1.6656500199022495,1.6653964464550286
1.9539078156312624,1.6374428863305737,0.04909485485088612,0.06545980646784816,1.6377140621639972,1.6374723118165782
1.959919839679359,1.6103602648504936,0.04924591594273501,0.06566122125698001,1.6105910400723769,1.6103704642651129
1.965931863727455,1.5841055376790778,0.04939697703458388,0.06586263604611184,1.584312911966188,1.5841001879014744
1.971943887775551,1.5589613040782442,0.04954803812643276,0.06606405083524368,1.5591410431122947,1.5589414227920806
1.9779559118236476,1.5350470649898202,0.04969909921828165,0.06626546562437553,1.5352116655518666,1.5350152752488166
1.9839679358717437,1.5121454005643404,0.04985016031013054,0.06646688041350737,1.5122882220759641,1.5121032874713298
1.98997995991984,1.489972686476205,0.05000122140197941,0.0666682952026392,1.4900994113889499,1.4899223731483657
1.995991983967936,1.4685138232565038,0.05015228249382829,0.06686970999177105,1.4686262470350964,1.4684559771150594
2.002004008016032,1.4479809417294218,0.050303343585677174,0.0670711247809029,1.448079845951756,1.4479153219999448
2.0080160320641283,1.4284542165399858,0.050454404677526044,0.06727253957003472,1.428544688022935,1.4283826805373663
2.0140280561122244,1.409680830830517,0.05060546576937493,0.06747395435916656,1.4097565028800125,1.4096053631939647
2.0200400801603204,1.3912989175281094,0.050756526861223804,0.0676753691482984,1.3913663682260293,1.3912219460731718
2.026052104208417,1.3732221001300926,0.050907587953072694,0.06787678393743025,1.373277165723086,1.373143467395332
2.032064128256513,1.355712600290699,0.051058649044921564,0.06807819872656208,1.3557628935389543,1.3556306367364268
2.038076152304609,1.3390486341864545,0.05120971013677044,0.06827961351569392,1.3390915568242632,1.3389623015380612
2.044088176352705,1.323194073073678,0.05136077122861932,0.06848102830482575,1.3232319109595299,1.3231047154415652
2.0501002004008018,1.307850754361377,0.05151183232046821,0.0686824430939576,1.3078827454235669,1.307760428903641
2.056112224448898,1.2928041888018025,0.0516628934123171,0.06888385788308946,1.29282967731737,1.2927140481484736
2.062124248496994,1.2781252437685695,0.05181395450416597,0.06908527267222128,1.27814779675661,1.2780346913709593
2.06813627254509,1.263995553023002,0.05196501559601485,0.06928668746135314,1.2640120621480708,1.2639037398013382
2.0741482965931866,1.2504113636634135,0.052116076687863735,0.06948810225048498,1.250425800468261,1.2503191500398343
2.080160320641282,1.2371525222804036,0.0522671377797126,0.06968951703961679,1.2371626547000194,1.237062842485296
2.0861723446893787,1.224064817323982,0.05241819887156149,0.06989093182874864,1.2240728575528252,1.223976302909043
2.092184368737475,1.2112657394403272,0.052569259963410365,0.07009234661788048,1.2112698615730901,1.2111763740224653
2.098196392785571,1.1990197717432598,0.052720321055259235,0.07029376140701231,1.199021262819109,1.1989275434500704
2.1042084168336674,1.1874059626537348,0.05287138214710813,0.07049517619614418,1.1874054422835416,1.1873120989224109
2.1102204408817635,1.1761984315115912,0.05302244323895702,0.07069659098527603,1.1761948657935661,1.176105479428849
2.11623246492986,1.1651007918962029,0.05317350433080591,0.07089800577440787,1.1650968023417207,1.1650112374535406
2.122244488977956,1.1540576138903234,0.05332456542265478,0.0710994205635397,1.1540509016468197,1.1539706979916369
2.128256513026052,1.1432698405093114,0.05347562651450365,0.07130083535267154,1.1432628697266631,1.1431832960261104
2.1342685370741483,1.1329187913193337,0.05362668760635254,0.07150225014180338,1.1329088845264847,1.1328314160878212
2.1402805611222444,1.1229512080060031,0.05377774869820141,0.0717036649309352,1.1229409078358776,1.1228642294064421
2.1462925851703405,1.1131787739566112,0.05392880979005029,0.07190507972006704,1.1131669063502945,1.1130932982165918
2.152304609218437,1.1035407927995913,0.05407987088189918,0.0721064945091989,1.1035280294517236,1.1034562849613287
2.158316633266533,1.0941804991564907,0.054230931973748044,0.07230790929833072,1.0941666148303424,1.0940952687299108
2.164328657314629,1.0852361464586706,0.054381993065596934,0.07250932408746258,1.0852203344402218,1.0851500006982877
2.1703406813627253,1.0766214600510893,0.05453305415744582,0.07271073887659442,1.076605824739139,1.0765366587593743
2.176352705410822,1.068087729073854,0.0546841152492947,0.07291215366572626,1.068071149375742,1.0680064932607471
2.182364729458918,1.059503689850415,0.05483517634114358,0.0731135684548581,1.0594880801515736,1.05942592233833
2.188376753507014,1.051010558044579,0.054986237432992455,0.07331498324398994,1.0509936100875348,1.050933562181672
2.19438877755511,1.042859712511084,0.05513729852484134,0.07351639803312178,1.0428420569044607,1.0427810545353169
2.200400801603206,1.0351259487490363,0.05528835961669021,0.0737178128222536,1.0351069039855958,1.035046015166667
2.2064128256513027,1.0276403461601071,0.0554394207085391,0.07391922761138546,1.0276207812218467,1.0275611859026188
2.212424849699399,1.0202050954985973,0.05559048180038798,0.0741206424005173,1.020185844612556,1.020128262823681
2.218436873747495,1.0128158835081569,0.05574154289223685,0.07432205718964913,1.0127961568226593,1.0127406980706588
2.224448897795591,1.005620830215135,0.055892603984085736,0.07452347197878098,1.005601228804738,1.005545993370594
2.2304609218436875,0.998690694942188,0.056043665075934626,0.07472488676791283,0.9986700821385949,0.9986163783880104
2.236472945891784,0.9919083938174674,0.05619472616778352,0.07492630155704469,0.9918884511098586,0.9918360164893806
2.24248496993988,0.9851205070818104,0.05634578725963239,0.07512771634617652,0.9851005661679054,0.9850508469837649
2.248496993987976,0.9783545904533122,0.05649684835148126,0.07532913113530834,0.978334916165109,0.9782858593879891
2.2545090180360723,0.9718112249248096,0.05664790944333015,0.0755305459244402,0.9717902901873856,0.971740924712668
2.2605210420841684,0.9656292038080212,0.05679897053517902,0.07573196071357202,0.9656070978482171,0.9655570579526065
2.2665330661322645,0.9597085068774988,0.05695003162702789,0.07593337550270385,0.9596863096834121,0.9596368117468687
2.2725450901803605,0.9538117460101434,0.05710109271887678,0.0761347902918357,0.9537900561427329,0.9537431393430471
2.278557114228457,0.9478245823889452,0.05725215381072567,0.07633620508096756,0.9478042173241015,0.947759173266344
2.284569138276553,0.941862204837396,0.057403214902574544,0.07653761987009938,0.9418415079105276,0.9417979527254182
2.2905811623246493,0.9361071117267378,0.05755427599442343,0.07673903465923124,0.9360861544302455,0.9360422106209152
2.2965931863727453,0.9305879270778143,0.0577053370862723,0.07694044944836306,0.930566357046699,0.9305230266044434
2.302605210420842,0.9251734029698162,0.05785639817812119,0.07714186423749492,0.9251521568574574,0.9251095866341439
2.308617234468938,0.9197665017839975,0.058007459269970064,0.07734327902662674,0.919745413208768,0.9197039630022853
2.314629258517034,0.914441072605216,0.05815852036181895,0.0775446938157586,0.914419493208489,0.9143783121332544
2.32064128256513,0.9093380485731812,0.058309581453667825,0.07774610860489042,0.9093158232219255,0.9092741750711467
2.3266533066132262,0.9044592344139674,0.0584606425455167,0.07794752339402226,0.9044367753106716,0.9043958262828985
2.3326653306613228,0.8996314873567047,0.058611703637365585,0.0781489381831541,0.8996100866224773,0.8995705631579503
2.338677354709419,0.894697006541511,0.058762764729214476,0.07835035297228596,0.8946766140311625,0.8946394819454675
2.344689378757515,0.8897047286994184,0.05891382582106335,0.0785517677614178,0.8896849117485756,0.889648520008803
2.350701402805611,0.8848594427496018,0.05906488691291222,0.07875318255054962,0.8848386597863577,0.8848020930973701
2.3567134268537075,0.8802917060276039,0.05921594800476111,0.07895459733968148,0.8802701060439087,0.8802326699009457
2.362725450901804,0.8759201340103197,0.05936700909661,0.07915601212881333,0.8758982159122749,0.8758610250918599
2.3687374749499,0.8715663292224342,0.05951807018845887,0.07935742691794516,0.8715449070859282,0.8715088980121991
2.374749498997996,0.8671678140617799,0.05966913128030774,0.07955884170707699,0.8671470682804833,0.86711202022388
2.3807615230460923,0.8628256278998977,0.05982019237215663,0.07976025649620884,0.8628047434834066,0.8627702878583122
2.3867735470941884,0.8586428521093508,0.05997125346400551,0.07996167128534068,0.8586219258169437,0.858587449371166
2.3927855711422845,0.8545726680917884,0.06012231455585439,0.08016308607447252,0.8545519692809698,0.8545185194664712
2.3987975951903806,0.850478602901003,0.06027337564770328,0.08036450086360436,0.8504587846909549,0.8504264303283223
2.404809619238477,0.8463238801387452,0.06042443673955217,0.08056591565273621,0.8463045063253943,0.8462731306686626
2.410821643286573,0.8422458525465699,0.06057549783140102,0.08076733044186803,0.8422258769386742,0.8421940878265312
2.4168336673346693,0.8384026670453545,0.060726558923249914,0.08096874523099988,0.8383815174623797,0.8383488972623563
2.4228456913827654,0.8347803734333835,0.060877620015098784,0.08117016002013171,0.834758804432319,0.834726115848364
2.428857715430861,0.8311968088079472,0.06102868110694766,0.08137157480926355,0.8311760163283411,0.8311443579700142
2.434869739478958,0.8275021991737497,0.06117974219879655,0.0815729895983954,0.8274826866646486,0.8274527641247766
2.440881763527054,0.8237384470885842,0.061330803290645435,0.08177440438752724,0.8237195365715393,0.823690327566651
2.44689378757515,0.8200666934024348,0.06148186438249432,0.08197581917665908,0.8200473546776893,0.8200182770388968
2.4529058116232463,0.8165692055465826,0.06163292547434319,0.08217723396579091,0.8165495033273318,0.8165201046102112
2.458917835671343,0.8131670019114677,0.06178398656619208,0.08237864875492276,0.8131473877196285,0.813118469406592
2.464929859719439,0.8097486970069215,0.061935047658040955,0.0825800635440546,0.8097294976746621,0.8097011702093895
2.470941883767535,0.8063287135939172,0.06208610874988984,0.08278147833318644,0.8063094499891998,0.8062813260405589
2.476953907815631,0.8030288615301736,0.06223716984173871,0.08298289312231827,0.8030089276675052,0.8029805046514045
2.482965931863728,0.7999055144722254,0.06238823093358761,0.08318430791145015,0.7998852984832995,0.799856690028414
2.488977955911824,0.7968503449897587,0.0625392920254365,0.08338572270058199,0.7968308015066758,0.7968031610434495
2.49498997995992,0.7937028588721506,0.06269035311728535,0.0835871374897138,0.7936845618393021,0.7936582554727546
2.501002004008016,0.7904404196612898,0.06284141420913424,0.08378855227884564,0.79042296847566,0.7903977467879835
2.5070140280561124,0.7872157811137642,0.06299247530098312,0.08398996706797748,0.7871978493302003,0.7871723497272275
2.5130260521042085,0.784184751481755,0.063143536392832,0.08419138185710934,0.7841658538721754,0.7841396688950815
2.519038076152305,0.7813375380069009,0.06329459748468089,0.08439279664624118,0.7813181238984636,0.781291622688357
2.5250501002004007,0.7785260791042784,0.06344565857652976,0.084594211435373,0.7785069990123888,0.7784810645491403
2.5310621242484967,0.7756480063487772,0.06359671966837864,0.08479562622450484,0.7756296738690163,0.7756045979706719
2.5370741482965933,0.7727543772228459,0.06374778076022752,0.0849970410136367,0.772736224704848,0.7727114470177769
2.5430861723446894,0.7699551251467041,0.0638988418520764,0.08519845580276852,0.7699368302089953,0.7699121497746821
2.549098196392785,0.7672595797868437,0.06404990294392528,0.08539987059190036,0.767241391553326,0.7672169169295275
2.555110220440881,0.7645586220096497,0.06420096403577416,0.0856012853810322,0.7645411542364989,0.7645175923236085
2.561122244488978,0.7617767730438522,0.06435202512762304,0.08580270017016406,0.7617599589635574,0.7617370556561534
2.567134268537074,0.758989832151999,0.06450308621947193,0.0860041149592959,0.7589728223176757,0.7589498922270642
2.5731462925851702,0.7563526006847642,0.0646541473113208,0.08620552974842773,0.7563344748454792,0.7563107743606631
2.5791583166332663,0.7539130578690416,0.06480520840316968,0.08640694453755957,0.7538942283345447,0.753870042338456
2.585170340681363,0.7515458345616046,0.06495626949501856,0.08660835932669142,0.7515274290039432,0.7515037895734108
2.591182364729459,0.7490885798729464,0.06510733058686745,0.08680977411582326,0.7490713483454874,0.7490488179337806
2.597194388777555,0.7465193671899061,0.06525839167871632,0.08701118890495509,0.7465030909949286,0.7464814906829534
2.603206412825651,0.7439662444862278,0.0654094527705652,0.08721260369408693,0.7439497091630668,0.7439281033075544
2.609218436873748,0.7415423388027139,0.0655605138624141,0.0874140184832188,0.7415254080512698,0.7415035747700038
2.615230460921844,0.7392215880162298,0.06571157495426298,0.08761543327235063,0.7392045097700063,0.7391826612818513
2.62124248496994,0.7368952674057108,0.06586263604611184,0.08781684806148245,0.736878578150159,0.7368571860357342
2.627254509018036,0.734531177522359,0.06601369713796072,0.08801826285061429,0.7345146406747896,0.7344934856673315
2.6332665330661325,0.7322191736883502,0.0661647582298096,0.08821967763974614,0.7322020982684936,0.7321806806708049
2.6392785571142285,0.730045752296687,0.06631581932165849,0.08842109242887798,0.730028243008108,0.7300065515242081
2.6452905811623246,0.7279622223567579,0.06646688041350737,0.08862250721800982,0.7279449897311627,0.7279236016066395
2.6513026052104207,0.7258215769849902,0.06661794150535624,0.08882392200714165,0.7258055006361359,0.7257851958562425
2.657314629258517,0.7235513209704575,0.06676900259720511,0.08902533679627347,0.7235361614734571,0.7235167408757656
2.6633266533066133,0.7212463588501897,0.06692006368905401,0.08922675158540534,0.7212312243315601,0.7212119297575086
2.6693386773547094,0.7190680755135596,0.0670711247809029,0.08942816637453718,0.7190519552716508,0.7190319820991853
2.675350701402805,0.7170635149866508,0.06722218587275176,0.08962958116366901,0.7170467431967243,0.7170262831050309
2.6813627254509016,0.7151256923585364,0.06737324696460065,0.08983099595280086,0.7151089456951853,0.7150886819166358
2.687374749498998,0.7131303347877185,0.06752430805644953,0.0900324107419327,0.713114237425497,0.7130945934955517
2.693386773547094,0.7110784425186587,0.06767536914829841,0.09023382553106454,0.7110628321045753,0.7110436165226269
2.6993987975951903,0.7090702192517715,0.06782643024014728,0.09043524032019637,0.7090543704666342,0.709035114941769
2.7054108216432864,0.7071551878374831,0.06797749133199617,0.09063665510932822,0.7071394299554051,0.7071202665705837
2.711422845691383,0.7052622823230554,0.06812855242384505,0.09083806989846006,0.705246865781948,0.7052281611085061
2.717434869739479,0.7032955187345886,0.06827961351569393,0.0910394846875919,0.7032809183655289,0.703262894619894
2.723446893787575,0.7012769769138564,0.06843067460754282,0.09124089947672376,0.7012624323014793,0.7012445110395139
2.729458917835671,0.6993398461172812,0.06858173569939169,0.09144231426585558,0.6993244366097014,0.6993059645918887
2.735470941883768,0.6975747722569223,0.06873279679124059,0.09164372905498744,0.6975584529117749,0.6975393630564839
2.741482965931864,0.6959139818345151,0.06888385788308946,0.09184514384411926,0.695897643489565,0.6958786385242232
2.74749498997996,0.6942003719480156,0.06903491897493834,0.09204655863325112,0.6941850960018476,0.69416694858898
2.753507014028056,0.6923623604673413,0.06918598006678721,0.09224797342238295,0.6923480537788074,0.6923307215021622
2.759519038076152,0.6904833795242563,0.06933704115863609,0.09244938821151479,0.6904692791064065,0.6904521969209345
2.7655310621242486,0.688691418540527,0.06948810225048498,0.09265080300064663,0.6886767110329518,0.6886593293541073
2.7715430861723447,0.6870073450659159,0.06963916334233386,0.09285221778977848,0.6869925118963625,0.6869749858131807
2.7775551102204408,0.6853421725862623,0.06979022443418273,0.0930536325789103,0.6853274592299948,0.6853101556274057
2.783567134268537,0.6836293918367641,0.06994128552603161,0.09325504736804215,0.6836150130033279,0.683597988235813
2.7895791583166334,0.6819203135797537,0.0700923466178805,0.09345646215717399,0.6819056270051143,0.6818884831731776
2.795591182364729,0.6803123181487115,0.07024340770972937,0.09365787694630581,0.6802969836162233,0.6802794785588394
2.8016032064128256,0.6788069621991416,0.07039446880157826,0.09385929173543768,0.6787917852690211,0.6787743321653475
2.8076152304609217,0.677286258438229,0.07054552989342713,0.0940607065245695,0.6772717730329163,0.6772549985813783
2.813627254509018,0.6756442435036827,0.07069659098527602,0.09426212131370135,0.6756309366811193,0.6756150592721283
2.8196392785571143,0.6739206605016164,0.0708476520771249,0.0944635361028332,0.6739075464476565,0.6738919353608335
2.8256513026052104,0.6722623954057892,0.07099871316897377,0.09466495089196503,0.6722486405881727,0.6722325883940375
2.8316633266533064,0.670761101646323,0.07114977426082265,0.09486636568109687,0.670746487036221,0.6707298217272136
2.837675350701403,0.6693564461542908,0.07130083535267154,0.09506778047022871,0.6693416069742237,0.6693248748354674
2.843687374749499,0.6679198437875745,0.07145189644452042,0.09526919525936056,0.6679055046288288,0.6678892318017596
2.849699398797595,0.6664076386183163,0.0716029575363693,0.0954706100484924,0.6663938459614068,0.666378000801642
2.8557114228456912,0.6648951028542237,0.07175401862821817,0.09567202483762423,0.6648813700363966,0.664865597293525
2.8617234468937878,0.6634592979680798,0.07190507972006706,0.09587343962675607,0.6634453212964425,0.6634294666276361
2.867735470941884,0.6620687796159266,0.07205614081191594,0.09607485441588792,0.6620551609310269,0.6620395850497613
2.87374749498998,0.6606272570800463,0.07220720190376483,0.09627626920501976,0.6606141288530093,0.6605990774340614
2.879759519038076,0.6591100008849708,0.07235826299561368,0.09647768399415158,0.6590974024045925,0.6590826358305547
2.885771543086172,0.6576182711228974,0.07250932408746256,0.09667909878328342,0.6576050005744958,0.6575898661337228
2.8917835671342687,0.6562659735956282,0.07266038517931146,0.09688051357241528,0.6562516970957383,0.6562359289836769
2.8977955911823647,0.6550400778916132,0.07281144627116035,0.09708192836154712,0.6550255314515022,0.655009579507538
2.903807615230461,0.6538054306955895,0.07296250736300923,0.09728334315067896,0.6537914733777302,0.6537760593537822
2.909819639278557,0.6524535359572102,0.07311356845485811,0.09748475793981082,0.6524408465713127,0.6524262405017077
2.915831663326653,0.6510203223039968,0.07326462954670698,0.09768617272894264,0.6510079266524005,0.6509936668198967
2.921843687374749,0.6496294442367059,0.07341569063855585,0.09788758751807447,0.6496166925339038,0.6496022579091373
2.9278557114228456,0.6483435736048341,0.07356675173040474,0.09808900230720631,0.6483303977641633,0.6483156846572177
2.9338677354709417,0.6471031457331665,0.07371781282225362,0.09829041709633815,0.6470900793236652,0.6470754489149665
2.9398797595190382,0.6458235101411615,0.0738688739141025,0.09849183188547,0.6458107051544452,0.6457963308125637
2.9458917835671343,0.6445148636441824,0.07401993500595139,0.09869324667460184,0.6445020013947723,0.6444876233987697
2.9519038076152304,0.6432687236493039,0.07417099609780027,0.09889466146373369,0.643255224224273,0.6432405478134606
