0.0120240480961923,1.5222331915499384e-05,2.330461918785311e-08,3.1072825583804155e-08,1.5222569684534348e-05,1.5234558678602228e-05
0.0180360721442885,3.8202495817727984e-05,8.772912934757447e-08,1.1697217246343264e-07,3.821170724644521e-05,3.8150613533502674e-05
0.0240480961923847,7.336592545458083e-05,2.2463903212392173e-07,2.995187094985623e-07,7.339905107824872e-05,7.34543972294534e-05
0.0300601202404809,0.0001185179812699,4.5361256667841006e-07,6.048167555712132e-07,0.00011858700107727886,0.00011865247333665438
0.0360721442885771,0.0001740027555404,7.991682177243695e-07,1.0655576236324926e-06,0.00017398723576585398,0.00017400717705075953
0.0420841683366733,0.0002368291351768,1.2690069389385064e-06,1.6920092519180084e-06,0.0002368984276753343,0.00023687471970180418
0.0480961923847695,0.0003169189345101,1.9407473501896222e-06,2.5876631335861627e-06,0.0003170447298390911,0.00031684899200510106
0.0541082164328657,0.0004106227228235,2.828891662119049e-06,3.771855549492065e-06,0.00041087511456884746,0.00041071695249422313
0.0601202404809619,0.0005038715891858,3.857009415750966e-06,5.142679221001288e-06,0.0005036319933215374,0.0005036720880193842
0.0661322645290581,0.0006185173758366,5.208053267874216e-06,6.944071023832288e-06,0.0006180207135235259,0.0006181522932654997
0.0721442885771543,0.0007286078856502,6.692770624081275e-06,8.9236941654417e-06,0.0007288958203621365,0.0007289500721402581
0.0781563126252505,0.0008640504231412,8.598313332295095e-06,1.146441777639346e-05,0.0008644614160418222,0.0008644166902820066
0.0841683366733467,0.0010073754342483,1.0795685380710838e-05,1.4394247174281115e-05,0.0010076627951558028,0.0010076918337643898
0.0901803607214428,0.0011492245513794,1.319553437011122e-05,1.759404582681496e-05,0.0011499347711247893,0.0011498461355801952
0.096192384769539,0.0013251026385906,1.6229320211172333e-05,2.163909361489644e-05,0.001325271513903609,0.0013252347506739581
0.1022044088176352,0.0014668532307837,1.9088263031577826e-05,2.5451017375437092e-05,0.0014672736089335306,0.001466879049821168
0.1082164328657314,0.001700742538575,2.343375619207529e-05,3.124500825610038e-05,0.0017016977038952108,0.0017016950411306653
0.1142284569138276,0.0018575746181214,2.7016600256922567e-05,3.602213367589676e-05,0.0018596118576291309,0.0018595452925603854
0.1202404809619238,0.0020725853299963,3.1730231687245665e-05,4.2306975582994216e-05,0.0020742599625559154,0.002074300053048813
0.12625250501002,0.0022930265082931,3.686032820271348e-05,4.914710427028464e-05,0.0022940397487272793,0.002294161609464029
0.1322645290581162,0.0024941375134068,4.200238032005605e-05,5.600317376007473e-05,0.002496251374700812,0.0024962279377221397
0.1382765531062124,0.0027499114480072,4.841471423015357e-05,6.455295230687141e-05,0.0027548909414006283,0.002755082819869012
0.1442885771543086,0.0029698346917554,5.45599979764714e-05,7.274666396862853e-05,0.0029726656327953935,0.0029728518093280693
0.1503006012024048,0.0032530492178383,6.225316991665602e-05,8.300422655554136e-05,0.0032570624959035238,0.0032571260481850874
0.156312625250501,0.0035121768475837,6.990054331359804e-05,9.320072441813072e-05,0.0035163908182721244,0.0035164766484405167
0.1623246492985972,0.0037898599175706,7.832812841696758e-05,0.0001044375045559,0.0037957007976001447,0.003795717981711911
0.1683366733466934,0.0040772489367422,8.738886266916302e-05,0.0001165184835588,0.004085476536637132,0.00408552786508088
0.1743486973947896,0.0043803534004428,9.723843842369246e-05,0.0001296512512315,0.004387235444505988,0.0043874523467259405
0.1803607214428857,0.0046839053847951,0.0001075623287324,0.0001434164383098,0.0046914569978160625,0.004691517519650559
0.1863727454909819,0.0050276569245015,0.0001193048657451,0.0001590731543268,0.005037205953631314,0.005036810665983372
0.1923847695390781,0.0053242823949556,0.0001304193069517,0.0001738924092689,0.005333386228840066,0.005333599604161615
0.1983967935871743,0.0056842426216228,0.0001435877447463,0.0001914503263284,0.005690995709036238,0.0056908219994913885
0.2044088176352705,0.0060435329140145,0.0001572898276142,0.0002097197701523,0.006055492410014758,0.006055343557846606
0.2104208416833667,0.0063562391218726,0.0001702939029268,0.0002270585372357,0.006368306863035009,0.006368093592260154
0.2164328657314629,0.0068666286496658,0.0001892242923171,0.0002522990564229,0.006882234781455384,0.006881852178376636
0.2224448897795591,0.0070610642462983,0.0001999874370981,0.0002666499161308,0.007077777319928848,0.007077744131512791
0.2284569138276553,0.0076751264400338,0.0002232543672042,0.0002976724896057,0.0076947675060412895,0.007694878030931375
0.2344689378757515,0.0078757672698398,0.0002351193156255,0.0003134924208341,0.007899232863744624,0.00789916961043655
0.2404809619238476,0.0083889454500103,0.000256861012078,0.0003424813494374,0.008413197929762141,0.008412665874812533
0.2464929859719438,0.0089255013684644,0.0002801220560654,0.0003734960747539,0.008953009750308974,0.008952620445325589
0.25250501002004,0.0089789309871329,0.0002886720601774,0.0003848960802365,0.009006012620285237,0.009005814053141565
0.2585170340681362,0.0101509464548734,0.0003341225753758,0.0004454967671678,0.01018430385226542,0.0101841478706412
0.2645290581162324,0.0095061182978713,0.0003201744843404,0.0004268993124539,0.009537135502103354,0.009537040649064975
0.2705410821643286,0.0114237085568761,0.0003935051823826,0.0005246735765102,0.011462673418998185,0.011462315069283746
0.2765531062124248,0.0100620492264749,0.00035430321818,0.0004724042909066,0.01010308996759355,0.010102937187878741
0.282565130260521,0.0121255903634001,0.0004362461207826,0.0005816614943769,0.012163956468594727,0.0121649632038864
0.2885771543086172,0.0114544681701329,0.000420869055048,0.000561158740064,0.011499077395857597,0.011498185927463201
0.2945891783567134,0.0132283984004386,0.0004961741951245,0.0006615655934994,0.013284680556519195,0.01328489405731054
0.3006012024048096,0.0127079872322215,0.0004863821205827,0.0006485094941103,0.012763352649665915,0.012762798701808523
0.3066132264529058,0.0140099418219002,0.00054693703966,0.0007292493862133,0.014075658149338626,0.014074176211830358
0.312625250501002,0.0141311246600515,0.0005624849398169,0.0007499799197559,0.014195432304252246,0.01419630151618962
0.3186372745490982,0.0148901597865812,0.0006040961327784,0.0008054615103712,0.014962600060771629,0.01496177736319336
0.3246492985971944,0.0154569304415236,0.0006389219965322,0.0008518959953762,0.015527001352918996,0.015528020941738597
0.3306613226452906,0.0159531974569069,0.0006716472761667,0.0008955297015556,0.016036218071155982,0.016035245650998304
0.3366733466933868,0.0166512632484483,0.0007137827392258,0.0009517103189677,0.01674594640553086,0.016744615096582715
0.342685370741483,0.0172026501368673,0.0007505870034617,0.0010007826712823,0.017302207752240558,0.017303347167173112
0.3486973947895792,0.017845372817121,0.0007922904967667,0.0010563873290223,0.01794863085712582,0.01794877689650466
0.3547094188376753,0.0184779480534214,0.0008345196768718,0.0011126929024958,0.018589966944455014,0.01858917600255669
0.3607214428857715,0.0190980056992885,0.0008771423837162,0.0011695231782883,0.019217625492827652,0.019217410552930192
0.3667334669338677,0.0197306172488904,0.0009213005588312,0.0012284007451082,0.01986204359837312,0.019860713853574002
0.3727454909819639,0.020505280207495,0.0009731689090795,0.0012975585454393,0.02064094625133862,0.020639627201355513
0.3787575150300601,0.0210633566680272,0.0010157783658753,0.0013543711545005,0.021211253797477334,0.02120748753542502
0.3847695390781563,0.0219336334534904,0.0010745370217956,0.0014327160290608,0.022091218208861462,0.022123633158268315
0.3907815631262525,0.0224514469452244,0.0011170909152306,0.0014894545536408,0.022616759318902693,0.022614861176075474
0.3967935871743487,0.0232648832156195,0.0011753728104462,0.0015671637472616,0.023475836861554036,0.023473990299990383
0.4028056112224449,0.0239671615085006,0.0012291990980647,0.001638932130753,0.02418715966429725,0.02418517742952814
0.4088176352705411,0.0246373018371005,0.0012824276839304,0.0017099035785738,0.02483873344595483,0.024836669432131014
0.4148296593186372,0.0255702310367027,0.0013505621382878,0.0018007495177171,0.025783579865594184,0.02578203341721335
0.4208416833667334,0.0261009323102479,0.0013985721895974,0.0018647629194632,0.02631964876176875,0.026316631148591643
0.4268537074148296,0.0271009423443354,0.0014729010396553,0.0019638680528738,0.027345932506045143,0.027346726460062868
0.4328657314629258,0.0277137916806488,0.0015274228113243,0.0020365637484324,0.02797313311498796,0.027969018671635686
0.438877755511022,0.0286490383296061,0.0016008982737185,0.0021345310316247,0.02892031312071117,0.028913552960755352
0.4448897795591182,0.0294776634463251,0.0016697659612322,0.0022263546149762,0.029763180623711166,0.029762035085950045
0.4509018036072144,0.0301904862725732,0.0017332539527716,0.0023110052703621,0.030477654171564252,0.030489510685189368
0.4569138276553106,0.0311435817769455,0.0018118113613921,0.0024157484818562,0.03147562789558893,0.031458402823929144
0.4629258517034068,0.0317793321678536,0.0018731230980641,0.0024974974640855,0.03211089302828954,0.032105669245941985
0.468937875751503,0.0328503975692552,0.0019613995004879,0.0026151993339838,0.033207641025487164,0.033199548335764745
0.4749498997995992,0.0336450272796425,0.00203459889263,0.0027127985235066,0.03401920348504336,0.034021301004389534
0.4809619238476953,0.0346100365353497,0.0021194485207953,0.0028259313610604,0.03500604440572969,0.03500123201575964
0.4869739478957915,0.0355185612885132,0.0022022732952958,0.0029363643937277,0.03596371654509419,0.03592872650528338
0.4929859719438877,0.0363487731496888,0.0022815733592566,0.0030420978123422,0.03677143637808447,0.03676622179550399
0.4989979959919839,0.0373678374416877,0.0023741430610553,0.003165524081407,0.03782651484583899,0.03782455974662254
0.5050100200400801,0.0382237487461507,0.0024577821823263,0.0032770429097684,0.03874253095022519,0.0387005550934936
0.5110220440881763,0.0392634605674548,0.0025546907049491,0.0034062542732655,0.039764356634303055,0.039763974128269264
0.5170340681362725,0.0401380765714485,0.002642322580324,0.0035230967737654,0.04067905919319992,0.04064688168110394
0.5230460921843687,0.0410840511566492,0.0027360456657591,0.0036480608876789,0.04163948602845232,0.041626701317563686
0.5290581162324649,0.0421021297773386,0.002836074045936,0.003781432061248,0.04268819513363048,0.042694788667530195
0.5350701402805611,0.0432054285009322,0.0029434668638481,0.0039246224851308,0.043806169355222746,0.04379679276466591
0.5410821643286573,0.0443239203784799,0.0030535954739408,0.0040714606319211,0.04496585693996187,0.04495315670163015
0.5470941883767535,0.0453400463676568,0.003158305815381,0.004211074420508,0.04601489047313339,0.04601066254040998
0.5531062124248497,0.0463122939655073,0.0032614817168862,0.0043486422891816,0.0469821867511132,0.04697601872142168
0.5591182364729459,0.0472118863090804,0.0033609738147982,0.0044812984197309,0.047955944071768994,0.04794307070608077
0.5651302605210421,0.048294304925357,0.0034749983379243,0.0046333311172324,0.049079572386497565,0.04906849007161511
0.5711422845691383,0.049441361636617,0.0035953804774886,0.0047938406366515,0.05025438059371257,0.050240029473731476
0.5771543086172345,0.0506578440086588,0.003722620486962,0.004963493982616,0.051508553796859674,0.05149508455083699
0.5831663326653307,0.0516736326204618,0.0038368211481952,0.0051157615309269,0.05256400115178307,0.05254869268162526
0.5891783567134269,0.0528276185337583,0.0039629440107377,0.0052839253476503,0.0537400830276393,0.05373095707050479
0.5951903807615231,0.0540458245204684,0.0040957002924171,0.0054609337232228,0.05501295668024166,0.054997451469576575
0.6012024048096193,0.0555630729671212,0.0042532125287822,0.0056709500383762,0.05655058404921969,0.05655162136606466
0.6072144288577154,0.0569612310313564,0.0044038403678102,0.0058717871570803,0.05802395240633613,0.057996618051360825
0.6132264529058116,0.0575745765958385,0.0044953317984209,0.0059937757312279,0.058668365682184836,0.05865488718182439
0.6192384769539078,0.0561807158838045,0.0044295062758457,0.0059060083677943,0.05741028467606455,0.05736884839469301
0.625250501002004,0.0692279333118356,0.0055111919028838,0.0073482558705117,0.07024280399646554,0.07021741900202676
0.6312625250501002,0.0620019675745546,0.0049833982855115,0.0066445310473487,0.06324635723670469,0.0632153129475363
0.6372745490981964,0.061888281280973,0.0050216346798147,0.0066955129064196,0.06317733453121617,0.06315756765808782
0.6432865731462926,0.0631038148402098,0.005168567828758,0.0068914237716773,0.06446370375400781,0.06442714778888504
0.6492985971943888,0.0648236665749369,0.0053590545195614,0.0071454060260818,0.06619556296470931,0.06617567508337634
0.655310621242485,0.0662561104346145,0.0055281938402046,0.0073709251202728,0.06773598962933243,0.06770421767195874
0.6613226452905812,0.0677556766163156,0.0057051780079959,0.0076069040106612,0.06927789276249628,0.06925441282254467
0.6673346693386774,0.0688046013421383,0.0058461679725624,0.0077948906300832,0.07040091262903088,0.07035395149837301
0.6733466933867736,0.0703340588231414,0.0060299613811379,0.0080399485081839,0.07200550225218273,0.07196200298457348
0.6793587174348698,0.0717125523739318,0.0062030381372411,0.0082707175163215,0.07342300440000972,0.07338262519089206
0.685370741482966,0.0732293070457029,0.0063902905312498,0.0085203873749997,0.07497559786290864,0.07495065109568341
0.6913827655310621,0.0745782527540404,0.0065650928459671,0.0087534571279561,0.0763866958235298,0.07638915388971532
0.6973947895791583,0.0755902425391948,0.0067120403060049,0.0089493870746732,0.07748649158690699,0.07744605322864163
0.7034068136272545,0.0770834933522599,0.006903639067301,0.0092048520897346,0.07911897074767216,0.07905578746148481
0.7094188376753507,0.0783303786524991,0.0070752707057459,0.0094336942743278,0.08046029939031281,0.08035849710553572
0.7154308617234468,0.0802562060913075,0.007310657111061,0.0097475428147481,0.08243473058141905,0.08236567762108672
0.721442885771543,0.0817282821955207,0.0075073116419359,0.0100097488559145,0.08391553745359487,0.0839173848151947
0.7274549098196392,0.0831659938261203,0.0077030369255174,0.0102707159006898,0.08552169728739198,0.08542622464046493
0.7334669338677354,0.0846669313377491,0.0079068678057072,0.0105424904076096,0.08706254937799743,0.08705034696254521
0.7394789579158316,0.0858584108940144,0.0080838600311426,0.0107784800415235,0.08841261457016229,0.08834108329389988
0.7454909819639278,0.08776283040891,0.0083303477994464,0.0111071303992619,0.09034898990754182,0.09030920081911
0.751503006012024,0.0889938794681864,0.0085153201336389,0.0113537601781853,0.0917377415783908,0.0916266291019982
0.7575150300601202,0.0908603636783998,0.0087634647406587,0.0116846196542116,0.09365086489670224,0.09352927406795168
0.7635270541082164,0.0921609265566113,0.0089594506375289,0.0119459341833718,0.09505252582177201,0.09505903641967656
0.7695390781563126,0.0938248963290683,0.0091930345134567,0.0122573793512756,0.09676513731204038,0.09673212711600516
0.7755511022044088,0.095708991109049,0.0094509023581625,0.0126012031442167,0.09875403962019887,0.09875004818673823
0.781563126252505,0.0972388325655688,0.0096764023033029,0.0129018697377372,0.10045359747284316,0.10040010390387308
0.7875751503006012,0.0991628383627122,0.0099437700477822,0.0132583600637096,0.10242700538117798,0.10241185935298376
0.7935871743486974,0.1005208162585515,0.0101568903844609,0.0135425205126146,0.1039556839600071,0.10381702695607692
0.7995991983967936,0.1021422544662966,0.0103989121187137,0.0138652161582849,0.10572277072212968,0.10561528612967107
0.8056112224448898,0.1038100669611042,0.0106481729706184,0.0141975639608246,0.1074991717996791,0.10740178770707362
0.811623246492986,0.1056808050979095,0.0109209573083955,0.014561276411194,0.10948142148483746,0.1093862898121235
0.8176352705410822,0.1073598339804167,0.011176647844719,0.014902197126292,0.11134622161288113,0.11123825435949733
0.8236472945891784,0.1094188160379101,0.0114747545903248,0.0152996727870997,0.11347991095082804,0.11339297117931804
0.8296593186372745,0.1108341141693418,0.0117080176563856,0.0156106902085142,0.11502436321052564,0.11493535376476667
0.8356713426853707,0.1130074730657744,0.0120241058804929,0.0160321411739906,0.11736453023504712,0.11727077900409372
0.8416833667334669,0.1146101317997251,0.0122823614939042,0.0163764819918722,0.11908080912750077,0.11898384371018668
0.8476953907815631,0.1164967036392713,0.012573713985919,0.0167649519812253,0.12113644519963702,0.12103473532149989
0.8537074148296593,0.1187203878072565,0.012904597958834,0.0172061306117787,0.12351197874271853,0.12340619484770893
0.8597194388777555,0.1195465407307161,0.0130859084864931,0.0174478779819908,0.12447658250252665,0.12436812700669148
0.8657314629258517,0.1227526250874293,0.0135308197354608,0.0180410929806144,0.12789990571849574,0.12778411180394342
0.8717434869739479,0.1231758825535061,0.0136717627278113,0.018229016970415,0.1284137008568818,0.12829708971092557
0.8777555110220441,0.1266972588568854,0.0141595973069191,0.0188794630758922,0.13217157533622145,0.13204745452385014
0.8837675350701403,0.1279577145435582,0.0143984133456832,0.0191978844609109,0.1335531247360381,0.13342595160317616
0.8897795591182365,0.1296703178320779,0.0146903829940535,0.0195871773254047,0.13544858033946278,0.13531731878176206
0.8957915831663327,0.1330392259543517,0.0151738856028574,0.0202318474704765,0.13907186297827767,0.13893253282081017
0.9018036072144288,0.1322817230096532,0.0151887463630695,0.0202516618174261,0.1383781141289392,0.13823841779183
0.9078156312625252,0.1379231557274625,0.0159420791284795,0.0212561055046393,0.14438401740868373,0.14423140622336594
0.9138276553106212,0.1363210630956924,0.015861248887992,0.021148331850656,0.14280895288266987,0.14265841817642144
0.9198396793587176,0.1413591985038205,0.0165556536653574,0.0220742048871432,0.14816860075111504,0.1480066090787917
0.9258517034068136,0.1421690187019535,0.0167593246675659,0.0223457662234213,0.14919167218185647,0.14902463606210672
0.93186372745491,0.1430806289326582,0.0169763127057769,0.0226350836077025,0.15016289119288537,0.14999535537125122
0.937875751503006,0.1494712376539778,0.0178489657699732,0.0237986210266309,0.15708766749523298,0.15690139044035592
0.943887775551102,0.144802009041633,0.0174022365443796,0.0232029820591729,0.15219254328430576,0.1520184156158816
0.9498997995991983,0.1561162428743085,0.0188814788131152,0.0251753050841536,0.16420954362628298,0.16400606808627322
0.9559118236472944,0.1478094621751868,0.0179899596313045,0.0239866128417394,0.15587492197849664,0.15568351322171572
0.9619238476953909,0.1602730789803237,0.0196295973175993,0.0261727964234658,0.16814572508652767,0.16794641455722867
0.9679358717434868,0.1463700557823251,0.018038853939758,0.0240518052530106,0.1546227966230778,0.15443158004819704
0.9739478957915833,0.1628734560705148,0.0201974319794667,0.0269299093059556,0.17242792371771232,0.17218568396395123
0.9799599198396792,0.1609987181124443,0.0200881919831943,0.0267842559775924,0.16987942424313066,0.16965809031310966
0.9859719438877756,0.1651598108629848,0.0207338070494453,0.0276450760659271,0.17460164677977413,0.17436279389449863
0.9919839679358716,0.1674901418468131,0.0211545612458053,0.0282060816610738,0.17730946458713878,0.17705934847324184
0.997995991983968,0.1689997475831378,0.0214745944916251,0.0286327926555002,0.1788140864778912,0.17856422352736534
1.004008016032064,0.1720830020247799,0.0219981051023046,0.0293308068030728,0.18252667465258127,0.18225761045459585
1.0100200400801602,0.1750539973452246,0.0225118995249474,0.0300158660332632,0.1855477536920098,0.1852756387113353
1.0160320641282563,0.1754169147599524,0.0226928478181801,0.0302571304242402,0.18630844978380184,0.1860279229172836
1.0220440881763526,0.1811406313745956,0.0235719562449818,0.031429274993309,0.19247146371780788,0.19217197661019747
1.028056112224449,0.1793703091758543,0.0234788864163042,0.0313051818884056,0.19076658417406792,0.19047114606634982
1.034068136272545,0.1861798247994683,0.0245127418695668,0.032683655826089,0.19823951376243834,0.19791778237867613
1.040080160320641,0.1860326540521946,0.0246357684126091,0.0328476912168121,0.19810787867621726,0.19778783665891522
1.0460921843687374,0.1899055048984342,0.0252940067472911,0.0337253423297214,0.20251498800524267,0.20217698582030236
1.0521042084168335,0.1934529465089815,0.0259145830278366,0.0345527773704488,0.20641937165632038,0.2060683964359905
1.0581162324649298,0.1927873048576294,0.025972988757779,0.0346306516770387,0.2059691234939012,0.20561614698692
1.064128256513026,0.1997393082260301,0.0270624826648752,0.0360833102198337,0.21361845598071505,0.21323682449954032
1.0701402805611222,0.1977782934920301,0.0269481809800662,0.0359309079734217,0.2116782520032444,0.21130296895828227
1.0761523046092183,0.204702937075432,0.0280483896907872,0.0373978529210496,0.21931334939482783,0.21890795306064437
1.0821643286573146,0.2049405815020601,0.0282378285475549,0.0376504380634065,0.21977097152141248,0.21936228396391352
1.088176352705411,0.2081977536448456,0.0288459895580453,0.0384613194107271,0.22346882839981547,0.22304529845344803
1.094188376753507,0.21242820424182,0.0295947307758594,0.0394596410344792,0.22828455183737056,0.22783909642189942
1.100200400801603,0.2127160802462016,0.0297976653945123,0.0397302205260164,0.2287153736607522,0.22826844257353657
1.1062124248496994,0.2192968448079033,0.0308873773536032,0.0411831698048042,0.2360468802838528,0.23556933841140518
1.1122244488977957,0.2188183762178259,0.030987486250897,0.0413166483345293,0.23577362639401064,0.2352938411843043
1.1182364729458918,0.2237998636379211,0.0318642418359713,0.0424856557812951,0.24140876768841502,0.24090422847054072
1.124248496993988,0.2251101395699588,0.0322231127934994,0.0429641503913326,0.24324321491360118,0.24272454435658394
1.1302605210420842,0.2282484394151555,0.032847059247561,0.043796078996748,0.24674045185875237,0.24620897649863982
1.1362725450901805,0.2325226354499705,0.0336401457358784,0.0448535276478379,0.25169560320815954,0.25113799209228793
1.1422845691382766,0.234862076005866,0.0341583846003367,0.045544512800449,0.2543210794025785,0.25375348217951965
1.148296593186373,0.239075837850884,0.0349542414168369,0.0466056552224492,0.2591949429008661,0.2586029236148219
1.154308617234469,0.2411891912485145,0.0354478498698864,0.0472637998265152,0.2618739207350059,0.2612647439208189
1.160320641282565,0.2445313333620733,0.0361262308423273,0.0481683077897698,0.26569199820999956,0.26506511241653363
1.1663326653306614,0.2477201450354532,0.0367869585746776,0.0490492780995701,0.26961163996563176,0.26895922829189317
1.1723446893787577,0.251397845908268,0.0375255435150123,0.0500340580200164,0.27371277026231294,0.27304383260509263
1.1783567134268538,0.2535891091342133,0.0380467440753384,0.0507289921004512,0.27661072602899883,0.2759203544267603
1.18436873747495,0.2575745135486406,0.0388418531688049,0.0517891375584066,0.28133952618920766,0.2806210675666162
1.1903807615230462,0.2589258033310062,0.039243826801662,0.0523251024022161,0.2831534450011327,0.2824224394153935
1.1963927855711425,0.2649759149103843,0.0403636381803546,0.0538181842404728,0.2900545983866655,0.28928655425284816
1.2024048096192386,0.2685944150248786,0.0411204445737094,0.0548272594316126,0.29392253762172654,0.2931414470003719
1.2084168336673349,0.2730152546043608,0.0420062389864451,0.0560083186485935,0.2991300504860678,0.29831761827319714
1.2144288577154307,0.2766082497757913,0.0427707953067732,0.0570277270756976,0.3035324039894561,0.30269130103619785
1.220440881763527,0.2752961059122135,0.0427786360986872,0.0570381814649162,0.30295026503820466,0.3020969064844453
1.2264529058116231,0.280805612820094,0.0438497154515419,0.0584662872687226,0.3097498788252835,0.30884792303271413
1.2324649298597194,0.2813834715931286,0.0441553439698094,0.0588737919597459,0.31053587458109694,0.30963011534160456
1.2384769539078155,0.29095001765396,0.0458792633337436,0.0611723511116581,0.3210158860513781,0.32005839109330747
1.2444889779559118,0.2951801824093013,0.0467722615915381,0.0623630154553842,0.325544827381867,0.32456943719496495
1.250501002004008,0.29913131199287,0.0476273083909114,0.0635030778545486,0.3302686206721426,0.32926177238474247
1.2565130260521042,0.3021440693129492,0.0483382794268123,0.0644510392357497,0.3346712230956176,0.3336203235831045
1.2625250501002003,0.2996272777510571,0.0481649896171973,0.0642199861562631,0.33284373015208757,0.3317866672997371
1.2685370741482966,0.3067791541427775,0.0495494831465546,0.0660659775287395,0.3415186220315157,0.3403984351892917
1.2745490981963927,0.3086876557512349,0.0500940276661937,0.0667920368882582,0.34362921076464337,0.34250058121408034
1.280561122244489,0.3181409985002141,0.0518716509737053,0.0691622012982738,0.35397267807774224,0.35278943396371515
1.2865731462925851,0.3221081054544452,0.0527650379125161,0.0703533838833549,0.35873323993248923,0.3575154902788835
1.2925851703406814,0.3249149205462157,0.0534735408730424,0.0712980544973899,0.3623358453319974,0.3610911441450126
1.2985971943887775,0.3286730289549583,0.0543436301691709,0.0724581735588946,0.36773544667722435,0.36643362962917936
1.3046092184368738,0.3294875126140877,0.0547305133050902,0.0729740177401202,0.3692213956164711,0.36790276713007203
1.31062124248497,0.3362209868843913,0.0561063659321227,0.074808487909497,0.3772895773544747,0.3759114796237189
1.3166332665330662,0.3396360888442884,0.056936238703843,0.0759149849384573,0.38153996340864355,0.3801276399030731
1.3226452905811623,0.3454226746352962,0.0581707082035949,0.0775609442714599,0.3882146057908861,0.3867596168823845
1.3286573146292584,0.3490526493270045,0.0590492029816927,0.0787322706422569,0.39327860177097346,0.3917689565607439
1.3346693386773547,0.3535751034686042,0.0600849188999711,0.0801132251999614,0.39862966099296065,0.3970850824844243
1.3406813627254508,0.3577034865872007,0.0610602902068017,0.0814137202757357,0.4040874805015633,0.402489750070398
1.346693386773547,0.3638327782985363,0.0623850703070891,0.0831800937427855,0.4114013791229679,0.4097476861977247
1.3527054108216432,0.3667180137409725,0.0631605043851049,0.0842140058468066,0.41515600064747316,0.4134695292030333
1.3587174348697395,0.3722185767973774,0.0643928001676609,0.0858570668902145,0.4225735845196799,0.42080972393663657
1.3647294589178356,0.3750484426621026,0.065169449341227,0.0868925991216361,0.42620283837181644,0.4244101863201292
1.370741482965932,0.3792897988318323,0.0661967757952978,0.0882623677270637,0.4321388391350421,0.43027961908746004
1.376753507014028,0.3871828217264723,0.0678707097253239,0.0904942796337653,0.4413258983820332,0.439398799469763
1.3827655310621243,0.388531694388207,0.0684045697791253,0.0912060930388337,0.4433364964784964,0.4413858040064277
1.3887775551102204,0.3993513329448008,0.0706151597551456,0.0941535463401942,0.4566042669431669,0.4545346062438432
1.3947895791583167,0.3977937821490365,0.0706442474470971,0.0941923299294628,0.4552473014161418,0.45318410784426777
1.4008016032064128,0.4071687768576888,0.0726208313157481,0.0968277750876641,0.46736269500346556,0.46517585683717366
1.406813627254509,0.4099196000366487,0.0734252391061994,0.0979003188082659,0.4709635384733462,0.4687434480516295
1.4128256513026052,0.4139795800909556,0.0744693579798971,0.0992924773065295,0.4763999861100839,0.4741209871840529
1.4188376753507017,0.4242650455965329,0.0766443390219799,0.1021924520293066,0.4893275362483849,0.4869201245726613
1.4248496993987976,0.4210975553357243,0.0763944650115061,0.1018592866820081,0.4860086367640492,0.48362649086799236
1.4308617234468937,0.4358790206576716,0.0794097358229965,0.1058796477639953,0.5046598646750781,0.502086948250431
1.43687374749499,0.432563703654749,0.0791368580761734,0.1055158107682312,0.5010445530981735,0.49850069833443755
1.442885771543086,0.4452728571387194,0.0818028230726421,0.1090704307635228,0.5165608378753773,0.5138691399334914
1.4488977955911824,0.4488249897223317,0.0827989634457342,0.1103986179276456,0.5218902991862282,0.5191242698985975
1.4549098196392785,0.4517511605718115,0.0836845857528146,0.1115794476704195,0.5253454314980629,0.5225554878160577
1.4609218436873748,0.4632038756686646,0.0861607133275862,0.1148809511034483,0.5411993766549177,0.5382078877748226
1.4669338677354709,0.4591491197227784,0.0857579537936134,0.1143439383914845,0.5363312062598152,0.5333925060454441
1.4729458917835672,0.4753868263983775,0.0891546613659668,0.1188728818212891,0.5569182027833176,0.5537567577724752
1.4789579158316633,0.473128104954338,0.0890932254027378,0.1187909672036505,0.5553663787417306,0.5521914462357141
1.4849699398797596,0.4855428070318288,0.0918026685787189,0.1224035581049585,0.5693296634387792,0.5660467243456082
1.4909819639278556,0.4887393724096588,0.092781167983896,0.123708223978528,0.5768071246132414,0.5733558074666537
1.496993987975952,0.4950371301724507,0.0943556583437046,0.1258075444582728,0.5821325171994967,0.5786931143525796
1.503006012024048,0.5020637728581915,0.0960792759892758,0.1281057013190344,0.5942585718463591,0.590601194747454
1.5090180360721444,0.5094863700598372,0.0978897274507834,0.1305196366010446,0.6031077624614446,0.5993621061961963
1.5150300601202404,0.5121397561588943,0.098791563530908,0.1317220847078773,0.6044328503478174,0.600730995207872
1.5210420841683367,0.5247647551294765,0.1016286151456538,0.135504820194205,0.6312073651535633,0.6269095705893255
1.5270541082164328,0.4963757796181341,0.0965106246500638,0.1286808328667518,0.5907952783963797,0.5870711052319227
1.5330661322645291,0.5576792372635426,0.1088567800588556,0.1451423734118075,0.6560550862967459,0.6519425927377056
1.5390781563126252,0.5217936172360079,0.1022514688495514,0.1363352917994019,0.624627013056466,0.6204769641411897
1.545090180360721,0.5659837899973391,0.1113442884033963,0.1484590512045285,0.6787505770761775,0.6740155582465097
1.5511022044088176,0.5433328249853068,0.1073041397138971,0.1430721862851961,0.6487064338277344,0.6443525797107095
1.5571142284569135,0.5718271951241849,0.1133692823898152,0.1511590431864203,0.6895044466097221,0.684548399518583
1.56312625250501,0.5664300329960884,0.1127328399844258,0.1503104533125678,0.6803726101256924,0.6755838523529311
1.569138276553106,0.5763574304426863,0.115149811551794,0.1535330820690587,0.6962590728524627,0.6911876306184697
1.5751503006012024,0.5900786915430958,0.1183428573784581,0.1577904765046108,0.7135677650989887,0.7082831880382995
1.5811623246492983,0.586381377504019,0.1180502050036147,0.1574002733381529,0.7091297049302591,0.7038788138166707
1.5871743486973948,0.6080605802476682,0.122880113603572,0.1638401514714293,0.739350706504311,0.7336553987387575
1.593186372745491,0.6024210333670371,0.1222015820439259,0.1629354427252345,0.7313545723232707,0.725763296376255
1.5991983967935872,0.6214119080667615,0.1265295710433078,0.1687060947244104,0.7578920112932821,0.7518990164625374
1.6052104208416833,0.6247706211601828,0.1276917057437207,0.1702556076582943,0.7620846297429115,0.7560197988843197
1.6112224448897796,0.6344942880408934,0.1301647349955045,0.173552979994006,0.7751284599687733,0.7688654556950291
1.6172344689378757,0.645591793250682,0.1329355414318772,0.1772473885758363,0.7918235436852565,0.7852677465677907
1.623246492985972,0.6473234073625099,0.1337876124236857,0.1783834832315809,0.7941900124861314,0.7875818837170909
1.629258517034068,0.6624431362287103,0.1374196136495437,0.1832261515327249,0.8164922774643085,0.8095028096878888
1.6352705410821644,0.6658920827126055,0.1386447991792324,0.1848597322389765,0.8207886757970335,0.8137148950260542
1.6412825651302605,0.6808407871078042,0.1422784220268311,0.1897045627024415,0.8408666433410993,0.8334763152523571
1.6472945891783568,0.6882960168466916,0.1443632487501503,0.1924843316668671,0.8519093113924467,0.844297203019946
1.653306613226453,0.6983061692131894,0.1469973144096542,0.1959964192128722,0.8650633460528665,0.8572376227982352
1.659318637274549,0.7084071778677932,0.149665900405251,0.199554533873668,0.8808564707667292,0.8727108273219576
1.6653306613226453,0.7171007907902964,0.1520515312890374,0.2027353750520498,0.8922249637394832,0.8838806286192947
1.6713426853707414,0.7294185365385982,0.1552216942224616,0.2069622589632822,0.9097214300328123,0.901050998278888
1.6773547094188377,0.7382974484549305,0.1576762920810533,0.2102350561080711,0.9227134227948472,0.9137744633225272
1.6833667334669338,0.7491739256055319,0.1605726270723389,0.2140968360964519,0.9379799291580436,0.9287572743064947
1.68937875751503,0.7580741443989241,0.1630605234202518,0.2174140312270024,0.9523557472397473,0.9428032142963804
1.6953907815631262,0.7707511854097884,0.1663773249697992,0.2218364332930656,0.9690533257640894,0.9591984037854875
1.7014028056112225,0.7827253709016325,0.1695612753045367,0.2260817004060489,0.9855075090368622,0.9753123760191694
1.7074148296593186,0.7974414032462661,0.1733596207810326,0.2311461610413769,1.005209022255776,0.994638871720354
1.7134268537074149,0.8080425542117868,0.1762827920727098,0.235043722763613,1.0198044840590117,1.0089210221988179
1.719438877755511,0.8195095967892544,0.1794117591665563,0.2392156788887418,1.0380999276160008,1.02679208138079
1.7254509018036073,0.8302172843105026,0.1823914580739332,0.2431886107652442,1.0533628452893997,1.0417191463330977
1.7314629258517034,0.8424106693628679,0.1857150818935136,0.2476201091913515,1.0714208897898858,1.059351399853501
1.7374749498997997,0.8581954275619018,0.1898518645698423,0.2531358194264564,1.092767351804807,1.0802543621603033
1.7434869739478958,0.8701822641749158,0.193169721200596,0.2575596282674613,1.1089417446892245,1.0960471690819735
1.749498997995992,0.8859503709059153,0.1973482188281766,0.2631309584375688,1.1324501531373017,1.1190135677046926
1.7555110220440882,0.8975939616817312,0.2006289505740927,0.2675052674321236,1.147969742967598,1.1341530155302046
1.7615230460921842,0.9150208626990008,0.2052246124853466,0.2736328166471288,1.1727748243544638,1.1583779883300502
1.7675350701402806,0.9318249679329542,0.2097067941856598,0.2796090589142131,1.1941033722236627,1.1792245905615806
1.7735470941883766,0.947549129285012,0.2139708345604745,0.2852944460806327,1.2157426859208051,1.2003238575636994
1.779559118236473,0.9621818353171128,0.2180116453332714,0.2906821937776952,1.2386350407764848,1.2226133160516308
1.785571142284569,0.9721352549567304,0.2210110410927693,0.2946813881236924,1.2543258308139278,1.2378195491323882
1.7915831663326651,0.9893141364135666,0.2256738856309939,0.3008985141746585,1.2809903286299917,1.2637742253710043
1.7975951903807614,1.0076885359952967,0.230636656682671,0.3075155422435613,1.3031659827847062,1.2853895997680274
1.8036072144288573,1.0322983794856635,0.2370594803315541,0.3160793071087388,1.3346583348910896,1.3161259208042577
1.8096192384769536,1.0528616789872498,0.2425876247925873,0.3234501663901164,1.3610094877592611,1.341785464556854
1.81563126252505,1.0695543013055162,0.2472524532038829,0.3296699376051772,1.3849485254964773,1.365021549490276
1.8216432865731464,1.0865873160800037,0.2520217874014834,0.3360290498686445,1.4117934317386258,1.391047295766099
1.8276553106212423,1.105179639420624,0.2571800560928247,0.3429067414570996,1.4359493004352806,1.414486779031089
1.8336673346693384,1.1304692493431738,0.2639304026892355,0.3519072035856473,1.470224834795444,1.4478134740433122
1.839679358717435,1.149870353486746,0.2693401707689249,0.3591202276918999,1.495846698417405,1.472628346840018
1.845691382765531,1.1637804892654506,0.2734892594064951,0.3646523458753268,1.5217274625163748,1.4975727944346489
1.851703406813628,1.1734947900363988,0.276670407680699,0.3688938769075987,1.5431832770406582,1.518115169204984
1.857715430861724,1.2007991869813652,0.2840270429678397,0.3787027239571197,1.5771160921296794,1.5510423266757964
1.86372745490982,1.27539952169761,0.302648671125529,0.4035315615007054,1.646735124002572,1.6193285821840757
1.869739478957916,1.6128306906660528,0.383954706765371,0.5119396090204946,1.9126301785742708,1.8837917744418002
1.875751503006012,1.1935783384050622,0.2850600455358778,0.3800800607145037,1.624968972080963,1.595863699460843
1.881763527054108,1.3299480005234836,0.3186469942121793,0.4248626589495724,1.7334016497373845,1.7025715906307015
1.8877755511022043,1.3812167710104286,0.3319879486102565,0.4426505981470087,1.7883563481963671,1.7560962309266297
1.8937875751503008,1.401106984399323,0.337841253286583,0.4504550043821107,1.8201665804189109,1.7865385795514899
1.8997995991983967,1.417691994855579,0.3429255133425177,0.4572340177900236,1.8502091055081848,1.8152068305236413
1.905811623246493,1.4446008255633784,0.3505402956890987,0.4673870609187983,1.8897266714514764,1.853126562162121
1.911823647294589,1.4810742116705264,0.3605244872258512,0.4806993163011349,1.9334659498696756,1.8952919316116263
1.9178356713426847,1.519462901690603,0.3710322088784211,0.4947096118378947,1.9826183680629514,1.9426440710081272
1.9238476953907813,1.5517194671001664,0.3800966261189203,0.5067955014918938,2.0250279281882766,1.9832658031839139
1.9298597194388776,1.5857662234040344,0.3896503075275845,0.5195337433701127,2.0717585140591304,2.028083957297664
1.9358717434869737,1.6259212176733635,0.4007616886719122,0.5343489182292163,2.1220142516090488,2.076246512983218
1.9418837675350704,1.677133250815605,0.4146683793687528,0.5528911724916703,2.1810355234478807,2.1331240895348293
1.9478957915831665,1.7295518309620097,0.4289527133960197,0.571936951194693,2.2416353082351756,2.191366799996383
1.9539078156312624,1.7770262673293105,0.4420872971356467,0.5894497295141956,2.299998182785595,2.2472864455412123
1.959919839679359,1.81856435939296,0.4538131783107281,0.6050842377476375,2.354483346689585,2.299239654791981
1.965931863727455,1.8610859062380265,0.4658488209827804,0.6211317613103738,2.4117033310251625,2.3536191793082066
1.971943887775551,1.9139233688069808,0.4805396376869069,0.6407195169158758,2.47621631969699,2.415304602248857
1.977955911823648,1.974105337772004,0.4971609949427391,0.6628813265903188,2.545733085064356,2.481639717809983
1.983967935871744,2.039859588457918,0.5152820831251499,0.6870427775001998,2.6243220604219593,2.5568700137337994
1.98997995991984,2.1024199467231552,0.5326945944483488,0.710259459264465,2.693912442899812,2.623111842449065
1.995991983967936,2.168172169042988,0.5510140551579291,0.7346854068772388,2.7786664225248163,2.7037642959304833
2.002004008016032,2.2384042071549985,0.5705760979754814,0.7607681306339751,2.8543239978320942,2.7758167494380013
2.0080160320641283,2.316631647002691,0.592289835189554,0.7897197802527387,2.948759032194024,2.8655856695723267
2.0140280561122244,2.398669012992819,0.6151003293153681,0.8201337724204907,3.041407649141918,2.9538660170269297
2.0200400801603204,2.478801537761929,0.6375464943006512,0.8500619924008683,3.130439695056277,3.038120152936807
2.026052104208417,2.5630296552815333,0.6611718575669635,0.8815624767559513,3.240673825387832,3.1425158461460496
2.032064128256513,2.653602252439947,0.6865676798272762,0.9154235731030348,3.328279498498443,3.2254657384531735
2.038076152304609,2.761284214450292,0.7165419744378015,0.955389299250402,3.466449925164302,3.3564307961844997
2.044088176352705,2.878459723167381,0.7491519283393628,0.998869237785817,3.575807391883561,3.460651628802595
2.0501002004008018,3.0021719345709847,0.7836475270170762,1.0448633693561016,3.720812960501993,3.598091403859975
2.056112224448898,3.1270669197283074,0.8186421639325192,1.091522885243359,3.858951602262299,3.7288284442775566
2.062124248496994,3.257783292153584,0.8553564594597445,1.1404752792796593,3.9895641256427856,3.8526124090040708
2.06813627254509,3.403824546553781,0.8963062734518854,1.1950750312691805,4.174108566677379,4.026556065702392
2.0741482965931866,3.5655408373126583,0.9416192701743112,1.2554923602324148,4.311358656631711,4.157750152371319
2.080160320641282,3.7441232303230008,0.9916469050065608,1.3221958733420809,4.535222974942236,4.369151066560802
2.0861723446893787,3.9334559132709,1.0448034293617394,1.393071239148986,4.704758531065436,4.530687548080038
2.092184368737475,4.141298652681944,1.1031806173234144,1.4709074897645524,4.936854474944814,4.7512965956087765
2.098196392785571,4.374569674416043,1.1686691844483008,1.558225579264401,5.178370129782725,4.9800199206274565
2.1042084168336674,4.640656451035518,1.2433067479635664,1.6577423306180885,5.42484127444987,5.218479682067012
2.1102204408817635,4.936923397708998,1.3264605335779205,1.7686140447705605,5.755356532951769,5.531976668814293
2.11623246492986,5.258986620942582,1.417018620431706,1.889358160575608,6.034370731584964,5.8037529284651015
2.122244488977956,5.612787965507806,1.5166458088052408,2.0221944117403208,6.427005317347925,6.179171988975935
2.128256513026052,6.015654339018864,1.6301101942673482,2.1734802590231306,6.7891321613904205,6.530141237901145
2.1342685370741483,6.491330936745322,1.7639770536388055,2.351969404851741,7.272547738817243,7.002968281927402
2.1402805611222444,7.054730688512981,1.9224774974341297,2.5633033299121726,7.792832473124501,7.5113927562430085
2.1462925851703405,7.715163052342372,2.1083570123200017,2.8111426830933355,8.436123967840459,8.1503518373647
2.152304609218437,8.489163709737344,2.3263698633875536,3.101826484516738,9.153874322393154,8.866591830892492
2.158316633266533,9.417562342410514,2.587997068967323,3.450662758623097,10.05702187501266,9.766491852090049
2.164328657314629,10.566692993901828,2.911872923259468,3.882497231012623,11.147324643663953,10.877431529945492
2.1703406813627253,12.01979700628847,3.3215069298893303,4.428675906519107,12.532270659582268,12.280843443564855
2.176352705410822,13.879425740683278,3.84601431070558,5.128019080940772,14.48293608166192,14.251157659578961
2.182364729458918,16.29439279170565,4.527679051698121,6.0369054022641615,16.876578281300684,16.738236259346294
2.188376753507014,19.490570043648177,5.43071175664764,7.24094900886352,20.895639582386796,20.701491870464395
2.19438877755511,23.624389041798125,6.600613116494354,8.800817488659138,26.666449133277546,26.637469034055535
2.200400801603206,28.2841413166358,7.924190573169092,10.565587430892124,38.25159367252495,37.94597425169705
2.2064128256513027,32.14397602373482,9.030181667270616,12.040242223027484,64.7217656331078,63.7312194792858
2.212424849699399,34.07486474551667,9.598708149127306,12.798277532169742,186.95632320539042,161.7863652033647
2.218436873747495,33.8518961810146,9.56181185978042,12.749082479707226,131.56432124145346,123.05774613939549
2.224448897795591,31.44436319307854,8.905849581332886,11.874466108443848,56.84972416410302,55.87605224190477
2.2304609218436875,27.404693440184367,7.782689168640839,10.376918891521118,35.12824789960292,35.11026851626414
2.236472945891784,23.033134008168545,6.558836456344113,8.745115275125483,26.065166934331867,25.8489585908478
2.24248496993988,19.27602522355449,5.503730319029087,7.338307092038782,20.29862791100848,20.247298316552126
2.248496993987976,16.331192536201286,4.675416755119799,6.233889006826399,17.070313485035822,16.87824952416218
2.2545090180360723,14.075056075344682,4.040287121879854,5.387049495839805,14.578447239148069,14.380773465245351
2.2605210420841684,12.348548212439448,3.554140355085647,4.738853806780862,12.794108112545231,12.58636850700026
2.2665330661322645,11.010621792118402,3.1774887609310563,4.236651681241408,11.613238299518626,11.33604448197994
2.2725450901803605,9.939890540158924,2.8761016382129423,3.834802184283923,10.39361989978602,10.15871273485375
2.278557114228457,9.047852954666036,2.624916975762595,3.4998893010167933,9.710024542974272,9.422116702065374
2.284569138276553,8.288663286271866,2.411009501151597,3.214679334868796,8.849599845752085,8.586940706424192
2.2905811623246493,7.647701375982463,2.230420380808169,2.9738938410775586,8.326817151110108,8.05220416469822
2.2965931863727453,7.115167984258888,2.080555707166498,2.774074276221997,7.782391662671119,7.511476877642051
2.302605210420842,6.669107287329334,1.955227539905656,2.606970053207541,7.351113966072262,7.093453589601976
2.308617234468938,6.279615034017784,1.8458443333572483,2.4611257778096647,6.989307349884915,6.731768054916527
2.314629258517034,5.926413831606492,1.7465600878639638,2.328746783818618,6.623763027261125,6.37870120597248
2.32064128256513,5.606117053483368,1.6564574855801302,2.208609980773507,6.328278493944223,6.089686408004095
2.3266533066132262,5.322617183769959,1.5767651934510485,2.102353591268064,6.03847542516105,5.80609659016519
2.3326653306613228,5.07443707456843,1.5071289936895595,2.0095053249194126,5.802777196861144,5.5813474064162305
2.338677354709419,4.848895628568232,1.4438539495467917,1.925138599395722,5.558825304100741,5.3438634003251835
2.344689378757515,4.637277473826509,1.384390204351708,1.8458536058022768,5.376923940448126,5.168624429918891
2.350701402805611,4.438973265192994,1.3285873545168103,1.7714498060224138,5.138511709948263,4.9409499020115515
2.3567134268537075,4.264514988532423,1.2796362661478946,1.7061816881971927,5.008815835894247,4.8128675860491565
2.362725450901804,4.116110702482373,1.238255953313578,1.6510079377514373,4.810377621874416,4.627705769425614
2.3687374749499,3.9847744974954,1.2017961234606926,1.6023948312809235,4.6988001083711195,4.518459579472392
2.374749498997996,3.855772615472429,1.1658410362502631,1.5544547150003507,4.556549187922562,4.384882779731128
2.3807615230460923,3.721658721706601,1.128138859940803,1.5041851465877376,4.399292032796621,4.234232295871017
2.3867735470941884,3.5927322486766373,1.0918077852181387,1.4557437136241849,4.311879547242426,4.148507169790993
2.3927855711422845,3.4774263697024224,1.0594289660851892,1.4125719547802522,4.134777616062413,3.9820750145992223
2.3987975951903806,3.3819562152271505,1.0329319336618668,1.3772425782158222,4.09143473061517,3.9383094445351627
2.404809619238477,3.2928986323079843,1.0082522057215693,1.3443362742954257,3.944995061224334,3.8015617644228166
2.410821643286573,3.2045051674546507,0.9836399897224964,1.3115199862966618,3.8783277417288886,3.7369636844001035
2.4168336673346693,3.116377044122341,0.9589740989160358,1.2786321318880476,3.782041824431133,3.6451361123241592
2.4228456913827654,3.0386610913636973,0.9373853003342668,1.2498470671123556,3.6766922315725177,3.546048134702846
2.428857715430861,2.9759967748075096,0.9203322676896476,1.227109690252863,3.6413669366469987,3.5115208222309073
2.434869739478958,2.91412844145808,0.903430067670096,1.204573423560128,3.5256673462536434,3.403523011470345
2.440881763527054,2.842997086021696,0.8835543631796402,1.1780724842395205,3.49034189010712,3.3685718854119466
2.44689378757515,2.7554701567449675,0.8584617487800319,1.1446156650400423,3.374648008284844,3.2577535896280807
2.4529058116232463,2.675788493850304,0.8356853190040638,1.1142470920054184,3.3095532000203987,3.1952919137169213
2.458917835671343,2.621060063378836,0.8205992372491228,1.0941323163321637,3.248872978732753,3.1369020199265423
2.464929859719439,2.5970626316065526,0.8150741275631223,1.0867655034174963,3.1972868219442288,3.0902755316220443
2.470941883767535,2.577730560040375,0.8109800484277527,1.0813067312370035,3.1774583349785486,3.072062865473387
2.476953907815631,2.5333977871862468,0.7989717625360613,1.065295683381415,3.109969659484538,3.008485968457113
2.482965931863728,2.4595057055621625,0.7775506947607858,1.0367342596810476,3.049459661788656,2.9497963187780103
2.488977955911824,2.374860406961912,0.7526087374238933,1.003478316565191,2.9663758311899264,2.8684687945952008
2.49498997995992,3.335539610322189,1.059607507803897,1.4128100104051955,3.678368492636518,3.598764649845397
2.501002004008016,2.291278124920764,0.7296287983890616,0.972838397852082,2.871652964511684,2.7784283000152703
2.5070140280561124,2.292806492513132,0.7318705731986473,0.9758274309315298,2.859707798487911,2.7692504251729075
